InChIKey,preferred_name,smiles,clinical_phase,is_approved,chain_pattern,ai_filled_layers,L2_confidence,L2_predicted_moa,L3_confidence,L3_predicted_moa
HYIMSNHJOBLJNT-UHFFFAOYSA-N,Nifedipine,COC(=O)C1=C(C)NC(C)=C(C1C1=C(C=CC=C1)[N+]([O-])=O)C(=O)OC,Approved,True,L1+L4,L2+L3,1.0,agonist,1.0,antagonist
NMKSAYKQLCHXDK-UHFFFAOYSA-N,Fendiline,CC(NCCC(c1ccccc1)c1ccccc1)c1ccccc1,Approved,True,L1+L4,L2+L3,0.9998,antagonist,0.9756,antagonist
KPYSYYIEGFHWSV-UHFFFAOYSA-N,Baclofen,NCC(CC(O)=O)c1ccc(Cl)cc1,Approved,True,L1+L4,L2+L3,0.9996,agonist,0.9993,agonist
PVHUJELLJLJGLN-UHFFFAOYSA-N,Nitrendipine,CCOC(=O)C1=C(C)NC(C)=C(C1C1=CC(=CC=C1)[N+]([O-])=O)C(=O)OC,Approved,True,L1+L4,L2+L3,0.9538,agonist,0.9977,antagonist
RHBRMCOKKKZVRY-ITLPAZOVSA-N,CHEMBL3952,Cl.O=C1CC[C@@]2(O)[C@H]3Cc4ccc(O)c5c4[C@@]2(CCN3CC2CC2)[C@H]1O5,Approved,True,L1+L3+L4,L2,0.9849,agonist,,
QHMBSVQNZZTUGM-ZWKOTPCHSA-N,Cannabidiol,CCCCCc1cc(O)c([C@@H]2C=C(C)CC[C@H]2C(C)=C)c(O)c1,Approved,True,L1+L4,L2,0.9811,antagonist,,
KSMAGQUYOIHWFS-UHFFFAOYSA-N,Lofexidine,CC(Oc1c(Cl)cccc1Cl)C1=NCCN1,Approved,True,L1+L4,L2,0.9811,agonist,,
FBOUYBDGKBSUES-VXKWHMMOSA-N,Solifenacin,O=C(O[C@H]1CN2CCC1CC2)N1CCc2ccccc2[C@@H]1c1ccccc1,Approved,True,L1+L4,L2,0.9672,antagonist,,
LTXREWYXXSTFRX-QGZVFWFLSA-N,Linagliptin,CC#CCn1c(nc2n(C)c(=O)n(Cc3nc(C)c4ccccc4n3)c(=O)c12)N1CCC[C@@H](N)C1,Approved,True,L1+L4,L2,0.9574,agonist,,
LUZRJRNZXALNLM-JGRZULCMSA-N,Dihydroergotamine,CC1(C(=O)N2C(C(=O)N3CCCC3C2(O1)O)CC4=CC=CC=C4)NC(=O)C5CC6C(CC7=CNC8=CC=CC6=C78)N(C5)C,Approved,True,L1+L4,L2,0.9469,antagonist,,
KLPWJLBORRMFGK-UHFFFAOYSA-N,Molindone,CCc1c(C)[nH]c2CCC(CN3CCOCC3)C(=O)c12,Approved,True,L1+L4,L2,0.9426,agonist,,
WJAJPNHVVFWKKL-UHFFFAOYSA-N,Methoxamine,COc1ccc(OC)c(c1)C(O)C(C)N,Approved,True,L1+L4,L2,0.9354,agonist,,
UYNVMODNBIQBMV-UHFFFAOYSA-N,Ifenprodil,CC(C(O)C1=CC=C(O)C=C1)N1CCC(CC2=CC=CC=C2)CC1,Approved,True,L1+L4,L2,0.934,agonist,,
OGHNVEJMJSYVRP-UHFFFAOYSA-N,Carvedilol,COc1ccccc1OCCNCC(O)COc1cccc2[nH]c3ccccc3c12,Approved,True,L1+L4,L2,0.8982,antagonist,,
DHSSDEDRBUKTQY-UHFFFAOYSA-N,Talipexole,Nc1nc2CCN(CC=C)CCc2s1,Approved,True,L1+L4,L2,0.8972,antagonist,,
TTWJBBZEZQICBI-UHFFFAOYSA-N,Metoclopramide,CCN(CC)CCNC(=O)c1cc(Cl)c(N)cc1OC,Approved,True,L1+L4,L2,0.8199,antagonist,,
WAXQNWCZJDTGBU-UHFFFAOYSA-N,Netupitant,CN(C(=O)C(C)(C)c1cc(cc(c1)C(F)(F)F)C(F)(F)F)c1cnc(cc1-c1ccccc1C)N1CCN(C)CC1,Approved,True,L1+L4,L2,0.802,antagonist,,
ZKIAIYBUSXZPLP-UHFFFAOYSA-N,Brexpiprazole,O=c1ccc2ccc(OCCCCN3CCN(CC3)c3cccc4sccc34)cc2[nH]1,Approved,True,L1+L4,L2,0.7488,agonist,,
BYJAVTDNIXVSPW-UHFFFAOYSA-N,Tetryzoline,C1CC(C2=CC=CC=C2C1)C3=NCCN3,Approved,True,L1+L4,L2,0.6789,antagonist,,
HRRBJVNMSRJFHQ-UHFFFAOYSA-N,Naftopidil,COc1ccccc1N1CCN(CC(O)COc2cccc3ccccc23)CC1,Approved,True,L1+L4,L2,0.6667,antagonist,,
CBEQULMOCCWAQT-WOJGMQOQSA-N,Triprolidine,Cc1ccc(cc1)C(=C/CN1CCCC1)\c1ccccn1,Approved,True,L1+L4,L2,0.6108,antagonist,,
BCGWQEUPMDMJNV-UHFFFAOYSA-N,Imipramine,CN(C)CCCN1c2ccccc2CCc2ccccc12,Approved,True,L1+L4,L2,0.6108,antagonist,,
NKANXQFJJICGDU-QPLCGJKRSA-N,Tamoxifen,CC\C(=C(/c1ccccc1)c1ccc(OCCN(C)C)cc1)c1ccccc1,Approved,True,L1+L4,L2,0.5598,agonist,,
HCYAFALTSJYZDH-UHFFFAOYSA-N,Desipramine,CNCCCN1c2ccccc2CCc2ccccc12,Approved,True,L1+L4,L2,0.4961,antagonist,,
SCVHFRLUNIOSGI-UHFFFAOYSA-N,8-cyclopentyltheophylline,Cn1c2nc([nH]c2c(=O)n(C)c1=O)C1CCCC1,,False,L1+L4,L2+L3,1.0,agonist,1.0,agonist
GOHUJGMYCZDYDF-UHFFFAOYSA-N,Ritolukast,FC(F)(F)S(=O)(=O)Nc1cccc(OCc2ccc3ccccc3n2)c1,,False,L1+L4,L2+L3,1.0,antagonist,0.9716,antagonist
ACAPZKCRDPYIJW-UHFFFAOYSA-N,CHEMBL2608,Cc1cc(no1)C(=O)N(C1CCCCC1)C1CCCCC1,,False,L1+L4,L2+L3,1.0,agonist,1.0,agonist
CAGLGYNQQSIUGX-SDBHATRESA-N,CHEMBL256,OC[C@H]1O[C@H]([C@H](O)[C@@H]1O)n1cnc2c(NCc3ccco3)ncnc12,,False,L1+L4,L2+L3,1.0,agonist,1.0,agonist
ANBBLLOZDHXSOE-UHFFFAOYSA-N,CHEMBL2787,Cc1cccc2C(=O)N(C(=O)c12)c1ccc(NC(=O)c2ccccn2)cc1Cl,,False,L1+L4,L2,1.0,agonist,,
XZFMJVJDSYRWDQ-AWFVSMACSA-N,"(2r,4r)-4-aminopyrrolidine-2,4-dicarboxylate",N[C@]1(CN[C@H](C1)C(O)=O)C(O)=O,,False,L1+L4,L2+L3,0.9999,agonist,1.0,agonist
UWYFUCDLJDTNBA-UHFFFAOYSA-N,CHEMBL1293294,CCCc1cc(no1)C(=O)NC1CCCCC1,,False,L1+L4,L2+L3,1.0,agonist,1.0,agonist
RFMKOOPRTSYQNO-UHFFFAOYSA-N,CHEMBL3230,COc1ccc(cc1)-c1cc(no1)C(=O)N(C1CCCCC1)C1CCCCC1,,False,L1+L4,L2+L3,1.0,agonist,1.0,agonist
KULQLZKQQHKTID-UHFFFAOYSA-N,CHEMBL4333,O=C(N(C1CCCCC1)C1CCCCC1)c1cc(on1)C1CCCCC1,,False,L1+L4,L2+L3,1.0,agonist,1.0,agonist
DNXKACKCTLURQN-ACJLOTCBSA-N,CHEMBL2434,CC1=CCC[C@H]1NC(=O)Nc1ccc(Cl)c(c1O)S(=O)(=O)[C@@]1(C)CCOC1,,False,L1+L3+L4,L2+L3,1.0,antagonist,1.0,antagonist
IKKTXVDCGJIDIH-UHFFFAOYSA-N,CHEMBL4333,O=C(N(C1CCCCC1)C1CCCCC1)c1cc(on1)C1CCCC1,,False,L1+L4,L2+L3,1.0,agonist,1.0,agonist
QGKGWOPLCAIMOZ-UHFFFAOYSA-N,CHEMBL1821,COc1ccc(CNC(=O)c2sc3nc(C)cc(C)c3c2N)c(F)c1.Cl,,False,L1+L4,L2+L3,0.9986,agonist,1.0,agonist
NDKGACIWVAOUQH-UHFFFAOYSA-N,CHEMBL2274,O=C(N(C1CCCCC1)C1CCCCC1)c1cc(on1)C1CC1,,False,L1+L4,L2+L3,1.0,agonist,1.0,agonist
NQYUDXFRHWJJPT-UHFFFAOYSA-N,CHEMBL4333,O=C(N(C1CCCC1)C1CCCCCC1)c1cc(on1)C1CC1,,False,L1+L4,L2+L3,1.0,agonist,1.0,agonist
ILJAICMRHMTKBM-ZQWQDMLBSA-N,CHEMBL270,C=CCNC(=O)[C@H](Cc1ccccc1)NC(=O)[C@H](Cc1c[nH]c2ccccc12)NC(=O)[C@@H]1CCCN1C(=O)[C@H](Cc1c(C)cc(O)cc1C)NCC=C,,False,L1+L4,L2+L3,1.0,agonist,0.9992,agonist
MSMGILWIFGCKCS-UHFFFAOYSA-N,CHEMBL4096,COc1ccc(CNCCC(c2ccccc2)c2ccc3OCOc3c2)cc1,,False,L1+L3+L4,L2,1.0,antagonist,,
ZJDZCPFFIUGYOM-UHFFFAOYSA-N,CHEMBL3230,O=C(N(C1CCCCC1)C1CCCCC1)c1cc(on1)-c1ccccc1,,False,L1+L4,L2+L3,1.0,agonist,1.0,agonist
PUZZVOMIHNMZOZ-UHFFFAOYSA-N,CHEMBL4333,O=C(N(C1CCCC1)C1CCCCC1)c1cc(on1)C1CC1,,False,L1+L4,L2+L3,1.0,agonist,1.0,agonist
NKYOMLAKLYQOAV-UHFFFAOYSA-N,CHEMBL210,C=CCc1ccccc1OCC(O)CNCCOCCOCCOCCOCCNC(=O)C1C(C(=O)O)C(C(=O)O)C1C(=O)O,,False,L1+L4,L2+L3,1.0,agonist,1.0,agonist
XBSYYNWVLYLNAE-UHFFFAOYSA-N,CHEMBL4333,CC(C)Cc1cc(no1)C(=O)N(C1CCCCC1)C1CCCCC1,,False,L1+L4,L2+L3,1.0,agonist,1.0,agonist
SOVZWPDZKUHDRE-DOTOQJQBSA-N,CHEMBL3227,Clc1cccc(c1)-n1nnc(n1)[C@H]1CC[C@H]2CN(CCN12)c1nccnc1C#N,,False,L1+L4,L2+L3,1.0,antagonist,0.9948,antagonist
MNTCJMJDKMJXDL-UHFFFAOYSA-N,CHEMBL4333,CCOc1ccc(cc1OCC)-c1cc(no1)C(=O)N(C1CCCCC1)C1CCCCC1,,False,L1+L4,L2+L3,1.0,agonist,1.0,agonist
XXKUOUAAFYMOTQ-UHFFFAOYSA-N,CHEMBL4333,O=C(N(C1CCCCC1)C1CCCCC1)c1coc(n1)C1CC1,,False,L1+L4,L2+L3,1.0,agonist,0.9999,agonist
QTYPWWSCLAZZFG-UHFFFAOYSA-N,CHEMBL3230,CC(C)c1cc(no1)C(=O)N(C1CCCCC1)C1CCCCC1,,False,L1+L4,L2+L3,1.0,agonist,1.0,agonist
GRIJGLMNIRAJPK-UHFFFAOYSA-N,CHEMBL4333,CC1CCCCC1N(C1CCOCC1)C(=O)c1cc(on1)C1CC1,,False,L1+L4,L2+L3,0.9999,agonist,1.0,agonist
GNTBQOIXPDGMJM-UHFFFAOYSA-N,CHEMBL210,CC(C)NCC(O)COc1ccccc1CCCSCC(=O)NCCOCCOCCNC(=O)C1C(C(=O)O)C(C(=O)O)C1C(=O)O,,False,L1+L4,L2+L3,1.0,agonist,1.0,agonist
FYBWLLAUJOWVGO-UHFFFAOYSA-N,CHEMBL1916,CC(Sc1ccccc1-c1ccccc1)C1=NCCN1,,False,L1+L4,L2+L3,1.0,antagonist,0.9969,antagonist
FRCIYEULNJCLEJ-UHFFFAOYSA-N,CHEMBL1293294,O=C(NC1CCCCC1)c1cc(on1)C1CC1,,False,L1+L4,L2+L3,1.0,agonist,1.0,agonist
CKDKODYRGXRFIX-UHFFFAOYSA-N,CHEMBL4333,CCCc1cc(no1)C(=O)N(C1CCCC1)C1CCCCC1,,False,L1+L4,L2+L3,1.0,agonist,1.0,agonist
RJOZRWRAHGAJGQ-UHFFFAOYSA-N,CHEMBL4333,CCCc1cc(no1)C(=O)N(C1CCCCC1)c1ccccc1,,False,L1+L4,L2+L3,1.0,agonist,1.0,agonist
VCKBQXZZHJAFAK-UHFFFAOYSA-N,CHEMBL4333,O=C(N(C1CCCCC1)C1CCOCC1)c1cc(on1)C1CC1,,False,L1+L4,L2+L3,1.0,agonist,1.0,agonist
QJWORZFKJNDXOV-UHFFFAOYSA-N,CHEMBL4333,O=C(N(C1CCCCC1)C1CCCCC1)c1ccc(o1)C1CC1,,False,L1+L4,L2+L3,0.9999,agonist,1.0,agonist
SCNILGOVBBRMBK-SDBHATRESA-N,Cv-1808,Nc1nc(Nc2ccccc2)nc2n(cnc12)[C@@H]1O[C@H](CO)[C@@H](O)[C@H]1O,,False,L1+L4,L2+L3,1.0,agonist,1.0,agonist
YBJIEYPPSOBSKN-UHFFFAOYSA-N,CHEMBL1821,COc1ccc(CNC(=O)c2sc3nc(C)cc(C)c3c2N)cc1.Cl,,False,L1+L4,L2+L3,0.9556,agonist,1.0,agonist
DVMQKRGCWAAYQR-UHFFFAOYSA-N,CHEMBL2736,FC(F)Oc1cccc(NC(=O)c2ccccn2)c1,,False,L1+L4,L2+L3,1.0,agonist,0.9999,agonist
BFVBQCJQPCGPDH-UHFFFAOYSA-N,CHEMBL4333,O=C(N(CC1CCCCC1)C1CCCCC1)c1cc(on1)C1CC1,,False,L1+L4,L2+L3,1.0,agonist,1.0,agonist
UHTWCKDYARKJBV-APIYUPOTSA-N,CHEMBL5409,CC[C@H]1[C@@H](O)[C@H]2[C@@H]3CC[C@H]([C@H](C)CCN)[C@@]3(C)CC[C@@H]2[C@@]2(C)CC[C@@H](O)C[C@@H]12,,False,L1+L4,L2+L3,1.0,agonist,1.0,agonist
XVWDFPZSRGALNR-UHFFFAOYSA-N,CHEMBL3230,CC1CCCCC1N(C1CCCCC1C)C(=O)c1cc(on1)C1CC1,,False,L1+L4,L2+L3,0.9999,agonist,1.0,agonist
NTOYAAGZSSEFKC-UHFFFAOYSA-N,CHEMBL1821,Cc1cc(C)c2c(N)c(C(=O)NCc3ccc(F)cc3)sc2n1.Cl,,False,L1+L4,L2+L3,0.9967,agonist,0.9999,agonist
MUYVIAAZBDLBCH-LDLOPFEMSA-N,MUYVIAAZBDLBCH-LDLOPFEMSA-N,Cc1cnc(C)c2nc(nn12)-c1ccn2cc(nc2n1)-c1nccs1,,False,L1+L4,L2+L3,0.9999,agonist,0.9914,agonist
HMHPAFJEDLYRGO-DZSWIPIPSA-N,CHEMBL5137,N[C@@]1(C(=O)O)C[C@@H]1CC(=O)O,,False,L1+L4,L2+L3,0.9999,agonist,0.999,agonist
PZGSYNNVPNLHQG-SANMLTNESA-N,CHEMBL1855,Fc1ccc(cc1)S(=O)(=O)N1[C@@H](C2CC2)C2(CCS(=O)(=O)CC2)c2cc(ccc12)C(=O)NCc1ncc(cc1Cl)C(F)(F)F,,False,L1+L4,L2,0.9999,antagonist,,
AWXOZEOHMQXOAJ-NQNJJODYSA-N,CHEMBL226,OCCNC(=O)[C@@]12C[C@@H]1[C@H]([C@H](O)[C@@H]2O)n1cnc2c(N[C@H]3C[C@H]4CC[C@@H]3C4)nc(Cl)nc12,,False,L1+L4,L2+L3,0.9999,agonist,0.9999,agonist
LQDSYQNNYIFHKU-ZETCQYMHSA-N,LQDSYQNNYIFHKU-ZETCQYMHSA-N,CCCCc1c(C[C@H](N)C(O)=O)o[nH]c1=O,,False,L1+L4,L2,0.9999,agonist,,
YSOYNKDERAPHBG-UHFFFAOYSA-N,CHEMBL3230,CC1CCCCC1N(C1CCCCC1)C(=O)c1cc(on1)C1CC1,,False,L1+L4,L2+L3,0.9998,agonist,0.9999,agonist
UCELXKATRNPADM-UHFFFAOYSA-N,CHEMBL1821,COc1ccc(CNC(=O)c2sc3nc(C)cc(C)c3c2N)c(F)c1F.Cl,,False,L1+L4,L2+L3,0.9999,agonist,0.9999,agonist
BQHHJAOVGQMBIV-OAQYLSRUSA-N,CHEMBL4792,O=C(CSc1nc2ccccc2[nH]1)N1CCC[C@@H]1C(=O)Nc1ccccc1-n1cccc1,,False,L1+L4,L2+L3,0.9999,antagonist,0.999,antagonist
LAWHRSRSCBSVPX-UHFFFAOYSA-N,CHEMBL1821,Cc1cc(C)c2c(N)c(C(=O)NCc3cc(F)cc(F)c3F)sc2n1.Cl,,False,L1+L4,L2+L3,0.9999,agonist,0.9998,agonist
LXJSJIXZOAMHTG-UHFFFAOYSA-N,8-sulfophenyl theophylline,Cn1c2nc([nH]c2c(=O)n(C)c1=O)-c1ccc(cc1)S(O)(=O)=O,,False,L1+L4,L2+L3,0.6758,antagonist,0.9999,antagonist
HMRCUYGASMXTND-UHFFFAOYSA-N,CHEMBL4333,CC1CCCCC1N(C1CCCC1)C(=O)c1cc(on1)C1CC1,,False,L1+L4,L2+L3,0.9999,agonist,0.9999,agonist
KVUKDCFEXVWYBN-FMBIJHKPSA-N,CHEMBL253,C\C=C\C=C\C=C\CC\C=C\C=C\C(=O)NCC(C)C,,False,L1+L3+L4,L2,0.9999,agonist,,
VDPZWYVAUUMDAS-FQEVSTJZSA-N,CHEMBL4792,Cc1nc(C(=O)N2CCCC[C@H]2CCOc2ccc(F)cc2)c(s1)-c1ccccc1,,False,L1+L4,L2+L3,0.9999,antagonist,0.9922,antagonist
SKMFQTAOSOOOIV-UHFFFAOYSA-N,CHEMBL3230,CC1CCCCC1N(C1CCCCCC1)C(=O)c1cc(on1)C1CC1,,False,L1+L4,L2+L3,0.9999,agonist,0.9999,agonist
VYJFNIDVRXLVNM-UHFFFAOYSA-N,CHEMBL1821,Cc1cc(C)c2c(N)c(C(=O)NCc3cccc(F)c3)sc2n1.Cl,,False,L1+L4,L2+L3,0.9948,agonist,0.9999,agonist
IUTWGENIZVKIGM-UHFFFAOYSA-N,CHEMBL1821,Cc1cc(C)c2c(N)c(C(=O)NCc3cc(F)ccc3F)sc2n1.Cl,,False,L1+L4,L2+L3,0.9995,agonist,0.9998,agonist
PXIFKCZYAVDHBY-UHFFFAOYSA-N,CHEMBL4333,O=C(N(C1CCCCC1)C1CCCCC1)c1noc2ccccc12,,False,L1+L4,L2+L3,0.999,agonist,0.9998,agonist
JRTOQOAGTSUNHA-UHFFFAOYSA-N,JRTOQOAGTSUNHA-UHFFFAOYSA-N,NC(Cc1o[nH]c(=O)c1Br)C(O)=O,,False,L1+L4,L2+L3,0.9998,antagonist,0.9895,agonist
HLZHNRNWOPIWCL-UHFFFAOYSA-N,CHEMBL226,Clc1cc2OCOc2cc1COC(=O)N1CCC(CC1)n1c2ccccc2[nH]c1=O,,False,L1+L4,L2+L3,0.9998,antagonist,0.9893,agonist
QVAYTZAGDQIWMB-UHFFFAOYSA-N,CHEMBL2304404,CCCn1c2ncn(C)c2c(=O)n(CCC)c1=O,,False,L1+L4,L2+L3,0.9998,agonist,0.9979,agonist
MSIDWFAXXKQUIV-UHFFFAOYSA-N,MSIDWFAXXKQUIV-UHFFFAOYSA-N,Br.Oc1ccc2C(CCc2c1O)C1=NCCN1,,False,L1+L4,L2,0.9998,agonist,,
JEFLLXGJDLTLPC-UHFFFAOYSA-N,JEFLLXGJDLTLPC-UHFFFAOYSA-N,Br.Oc1ccc2C(CCCc2c1O)C1=NCCN1,,False,L1+L4,L2,0.9998,agonist,,
XWLCIDLCEZAOEY-UHFFFAOYSA-N,CHEMBL1293235,CCCN(CCc1ccccc1)C1CCc2c(O)cccc2C1.Cl,,False,L1+L4,L2+L3,0.9971,agonist,0.9998,agonist
WYMHORLLZUTSGD-XPKDBEDXSA-N,CHEMBL1881,CC(C)(CCCCF)[C@H](O)\C=C\[C@H]1COC(=O)N1CCSc1nc(cs1)C(O)=O,,False,L1+L4,L2+L3,0.9979,agonist,0.9998,agonist
GPJHQBLETSSRJP-UHFFFAOYSA-N,CHEMBL1821,Cc1cc(C)c2c(N)c(C(=O)NCc3cc(F)c(F)cc3F)sc2n1.Cl,,False,L1+L4,L2,0.9998,agonist,,
ZMONBPURLAYZLL-BHVANESWSA-N,CHEMBL245,CS(=O)(=O)Nc1cc([C@@H](O)CNCCc2ccc(OCCN3CCC(OC(=O)Nc4ccccc4-c4ccc(O)c(Cl)c4)CC3)cc2)ccc1O,,False,L1+L4,L2,0.9998,agonist,,
NETYYQKJCQUMEJ-CTQXBKMASA-N,CHEMBL237,COC(=O)[C@@H]1C[C@H](OC(=O)C2CC2)C(=O)C2[C@@]1(C)CC[C@H]1C(=O)O[C@@H](C[C@]21C)c1ccoc1,,False,L1+L4,L2+L3,0.9998,agonist,0.9983,agonist
UPFVFWZGNRKYFG-OWFAEZFESA-N,CHEMBL237,CCC(=O)O[C@H]1C[C@@H](C(=O)OC)[C@]2(C)CC[C@H]3C(=O)O[C@@H](C[C@]3(C)C2C1=O)c1ccoc1,,False,L1+L4,L2+L3,0.9998,agonist,0.9976,agonist
UKKSDFNDZYJWOA-UHFFFAOYSA-N,CHEMBL225,CC1(C)CN2CCNCc3cccc1c23,,False,L1+L4,L2,0.9998,agonist,,
REHCIQBRDJQQIG-UHFFFAOYSA-N,CHEMBL228,Fc1cc2CCCOc2c(OCCNCCCc2c[nH]c3ccc(F)cc23)c1,,False,L1+L4,L2,0.9998,agonist,,
PNDKCRDVVKJPKG-WHERJAGFSA-N,Cenicriviroc,CCCCOCCOc1ccc(cc1)-c1ccc2N(CC(C)C)CCC\C(=C/c2c1)C(=O)Nc1ccc(cc1)[S@@+]([O-])Cc1cncn1CCC,Phase 3,False,L1+L4,L2+L3,0.9931,antagonist,0.9998,antagonist
LMDKZMGPXHHZST-ASWTZPABSA-N,CHEMBL5137,Cl.N[C@]1(C(=O)O)C[C@H]1Cc1nsnc1O,,False,L1+L4,L2+L3,0.9998,agonist,0.9755,agonist
LOCPVWIREQIGNQ-UHFFFAOYSA-N,Sib-1757,Cc1ccc(O)c(N=Nc2ccccc2)n1,,False,L1+L4,L2+L3,0.997,antagonist,0.9998,antagonist
ORVIPRCROLOTKB-UHFFFAOYSA-N,CHEMBL1821,Cc1cc(C)c2c(N)c(C(=O)NCc3cccc(F)c3F)sc2n1.Cl,,False,L1+L4,L2+L3,0.9998,agonist,0.9996,agonist
FVVIZMMVAAKOOP-QJCLFNHPSA-N,"D[leu4,orn8]vp",CC(C)CC1C(=O)NC(C(=O)NC(CSSCCC(=O)NC(C(=O)NC(C(=O)N1)CC2=CC=CC=C2)CC3=CC=C(C=C3)O)C(=O)N4CCCC4C(=O)NC(CCCN)C(=O)NCC(=O)N)CC(=O)N,,False,L1+L4,L2+L3,0.9997,agonist,0.9879,agonist
QGDJXRXKUHTDSO-UHFFFAOYSA-N,CHEMBL3571,CC(C)(C)NC(=O)N1CCN(CC1)C(c1ccc(Br)cc1)c1ccccc1Cl,,False,L1+L4,L2+L3,0.9997,antagonist,0.9961,antagonist
YMEXHIACKAXZLZ-QNOWPQSNSA-N,CHEMBL4644,CCCC[C@@H](NC(C)=O)C(=O)N[C@@H]1CC(=O)NCCCC[C@H](NC(=O)[C@H](Cc2c[nH]c3ccccc23)NC(=O)[C@@H](CCCNC(N)=N)NC(=O)[C@H](Cc2ccc3ccccc3c2)NC(=O)[C@@H]2Cc3ccccc3N2C1=O)C(N)=O,,False,L1+L4,L2,0.9997,agonist,,
PMCCMEISWXQOME-UHFFFAOYSA-N,PMCCMEISWXQOME-UHFFFAOYSA-N,[Cl-].Clc1ccccc1C[n+]1ccc(Cn2c3CCCCc3c3ccccc23)cc1,,False,L1+L4,L2,0.9997,antagonist,,
XNYMRFXNQINRFX-UHFFFAOYSA-N,CHEMBL1833,Cc1cccc(NC2=NC(N)=NC3(CCCCC3)N2)c1,,False,L1+L4,L2,0.9997,antagonist,,
KUWSYGHOSHDWCB-LPYMAVHISA-N,CHEMBL1867,CC(Oc1ccccc1\C=N\OCc1ccccc1)C1=NCCN1,,False,L1+L4,L2,0.9997,agonist,,
ZNUWSJDCVRLYLU-MAPMYLOESA-N,CHEMBL237,COC(=O)O[C@H]1C[C@@H](C(=O)OC)[C@]2(C)CC[C@H]3C(=O)O[C@H](c4ccoc4)C[C@]3(C)C2C1=O,,False,L1+L4,L2+L3,0.9996,agonist,0.9956,agonist
OBMRGDMNCCNFEB-UHFFFAOYSA-N,CHEMBL4018,CCC(CC)C(=O)Nc1ccc(N2CCN(CC2)C(c2ncco2)c2cccc(F)c2)c(c1)C#N,,False,L1+L4,L2,0.9996,antagonist,,
ZPMWLJMVHFDJNI-QBKRIKDVSA-N,CHEMBL237,COC(=O)[C@@H]1C[C@H](OC(=O)C(F)(F)F)C(=O)C2[C@@]1(C)CC[C@H]1C(=O)O[C@@H](C[C@]21C)c1ccoc1,,False,L1+L4,L2+L3,0.9996,agonist,0.994,agonist
LRLJIVMILJUGBU-ZYADHFCISA-N,CHEMBL270,C=CCNC(=O)[C@H](Cc1ccccc1)NC(=O)[C@H](Cc1ccccc1)NC(=O)[C@@H]1CCCN1C(=O)[C@H](Cc1c(C)cc(O)cc1C)NCC=C,,False,L1+L4,L2+L3,0.9995,agonist,0.9996,agonist
PSNVTEQUIAAEDR-UHFFFAOYSA-N,CHEMBL233,Cc1ccc(cc1)S(=O)(=O)NCc1ccc(cc1)C(=O)NCCN(Cc1ccccc1)C(C)(C)C,,False,L1+L3+L4,L2,0.9996,antagonist,,
BEQHYAAIFYRXLC-MXKWNSRKSA-N,CHEMBL226,O[C@@H]1[C@H](O)[C@]2(CCl)C[C@@H]2[C@H]1n1cnc2c(NC(C3CCC3)C3CCC3)nc(Cl)nc12,,False,L1+L4,L2+L3,0.9996,agonist,0.9857,agonist
YXOLAZRVSSWPPT-UHFFFAOYSA-N,Morin,Oc1ccc(c(O)c1)-c1oc2cc(O)cc(O)c2c(=O)c1O,,False,L1+L3+L4,L2+L3,0.8676,antagonist,0.9995,antagonist
HMTGYTOCZCEPBI-UHFFFAOYSA-N,CHEMBL1833,NC1=NC2(CCCCC2)NC(Nc2cccc(I)c2)=N1,,False,L1+L4,L2,0.9995,antagonist,,
HXUGFTSAFCNATL-UHFFFAOYSA-N,CHEMBL210,CC(C)NCC(O)COc1ccccc1CCCSCC(=O)NCCOCCOCCNC(=O)CCCCCC1(C)C(/C=C/C=C/C=C2/N(CCCS(=O)(=O)O)c3ccc(S(=O)(=O)O)cc3C2(C)C)=[N+](CCCS(=O)(=O)[O-])c2ccc(S(=O)(=O)O)cc21,,False,L1+L4,L2+L3,0.998,antagonist,0.9995,agonist
HJUAKZYKCANOOZ-UHFFFAOYSA-N,Gr-89696,COC(=O)N1CCN(C(CN2CCCC2)C1)C(=O)Cc1ccc(Cl)c(Cl)c1,Investigational,False,L1+L4,L2+L3,0.9995,agonist,0.9974,antagonist
XKGPHJMKJBEURD-UHFFFAOYSA-N,CHEMBL228,CN1CCc2c(C1)c1cccc3-c4ccccc4CCn2c13,,False,L1+L4,L2,0.9995,antagonist,,
PFYZCTXCJPDITQ-UHFFFAOYSA-N,PFYZCTXCJPDITQ-UHFFFAOYSA-N,Br.Oc1ccc2C(CCCCc2c1O)C1=NCCN1,,False,L1+L4,L2,0.9995,agonist,,
IEIWSLJICBCDNM-UHFFFAOYSA-N,CHEMBL1821,COc1ccc(CNC(=O)c2sc3nc(C)cc(C)c3c2N)cc1F.Cl,,False,L1+L4,L2+L3,0.9963,agonist,0.9995,agonist
WDMRMTAXJBLPSA-QPLNMOKZSA-N,CHEMBL2049,CC[C@H](C)[C@@H]1NC(=O)[C@H](Cc2ccc(O)cc2)NC(=O)CCSSC[C@H](NC(=O)[C@H](CC(N)=O)NC(=O)[C@H](CCC(N)=O)NC1=O)C(=O)N1CCC[C@H]1C(=O)N[C@@H](CCCCN)C(=O)NCC(N)=O,,False,L1+L4,L2+L3,0.9995,agonist,0.9855,agonist
DCLLCRKTECSOJS-BHVANESWSA-N,CHEMBL245,CS(=O)(=O)Nc1cc([C@@H](O)CNCCCCCCCCCN2CCC(OC(=O)Nc3ccccc3-c3cc(C#N)ccc3O)CC2)ccc1O,,False,L1+L4,L2,0.9994,agonist,,
JTBHLQXMGZKKRH-UHFFFAOYSA-N,CHEMBL2049,COc1ccc(cn1)-n1c(C)nnc1-c1cnc(cn1)-c1ccc(F)cc1C,,False,L1+L4,L2+L3,0.9994,agonist,0.9765,agonist
AUOVWVBUMDSLRS-UHFFFAOYSA-N,CHEMBL5498,CN1CCC=C(c2nc(C3CC3)no2)C1.O=C(O)C(=O)O,,False,L1+L4,L2+L3,0.9993,agonist,0.9994,agonist
YYNSODJGHSFYEU-DHUJRADRSA-N,CHEMBL245,CS(=O)(=O)Nc1cc([C@@H](O)CNCCCCCCCCCN2CCC(OC(=O)Nc3ccccc3-c3ccc(F)cc3O)CC2)ccc1O,,False,L1+L4,L2,0.9994,agonist,,
MMAAVQKZYQKTJY-UHFFFAOYSA-N,MMAAVQKZYQKTJY-UHFFFAOYSA-N,COc1noc2CCCNCc12,,False,L1+L4,L2,0.9994,agonist,,
MORHMPJDRCOPKR-UHFFFAOYSA-N,CHEMBL3571,CC(C)(C)NC(=O)N1CCN(CC1)C(c1ccc(Cl)cc1)c1ccccc1Cl,,False,L1+L4,L2+L3,0.9994,antagonist,0.984,antagonist
CFHFAKBJGGAZKU-UHFFFAOYSA-N,CHEMBL1833,NC1=NC2(CCCCC2)NC(Nc2cccc(Cl)c2)=N1,,False,L1+L4,L2,0.9994,antagonist,,
FEYUNKQIAFSCKX-WIJLQKJISA-N,CHEMBL1881,COCCCC1(CCC1)[C@H](O)\C=C\[C@H]1COC(=O)N1CCSc1nc(cs1)C(O)=O,,False,L1+L4,L2+L3,0.9919,agonist,0.9994,agonist
YLPQAZPIFSHMAY-FLNNQWSLSA-N,CHEMBL226,Nc1ncnc2n(cnc12)[C@@H]1O[C@@H]([C@@H](O)[C@H]1O)C(=O)NCCO,,False,L1+L4,L2,0.9994,agonist,,
YEGUVPNKCAHYEZ-RJSOSXLCSA-N,CHEMBL4561,Fc1ccccc1-c1cnc(NC(=O)[C@H]2CC[C@@]3(CC2)OC(=O)c2cnccc32)nc1,,False,L1+L4,L2+L3,0.9986,antagonist,0.9993,antagonist
XABCPBOFMBSCDK-PEAOEFARSA-N,"D[cha4,dap8]vp",NC[C@H](NC(=O)[C@@H]1CCCN1C(=O)[C@@H]1CSSCCC(=O)N[C@@H](Cc2ccc(O)cc2)C(=O)N[C@@H](Cc2ccccc2)C(=O)N[C@@H](CC2CCCCC2)C(=O)N[C@@H](CC(N)=O)C(=O)N1)C(=O)NCC(N)=O,,False,L1+L4,L2,0.9993,agonist,,
NNDJFKAXZPUHPC-UMSFTDKQSA-N,CHEMBL245,CS(=O)(=O)Nc1cc([C@@H](O)CNCCCCCCCCCN2CCC(OC(=O)Nc3ccccc3-c3cccc(F)c3O)CC2)ccc1O,,False,L1+L4,L2,0.9993,agonist,,
OJVPMYOYQFRHSC-BHVANESWSA-N,CHEMBL245,Cc1ccc(NC(=O)OC2CCN(CCCCCCCCCNC[C@H](O)c3ccc(O)c(NS(C)(=O)=O)c3)CC2)c(-c2ccc(O)c(Cl)c2)c1,,False,L1+L4,L2,0.9993,agonist,,
LRTMETRSFGLQOB-NSOVKSMOSA-N,CHEMBL4354,C=CCN[C@@H](Cc1ccc(O)cc1)C(=O)NCCCCCCNC(=O)[C@H](Cc1ccc(O)cc1)NCC=C,,False,L1+L4,L2+L3,0.9993,agonist,0.9972,agonist
RIWSCZBTNQWOHL-HMRWBYCRSA-N,CHEMBL1881,CCCCC1(CCC1)[C@H](O)\C=C\[C@H]1COC(=O)N1CCSc1nc(cs1)C(O)=O,,False,L1+L4,L2+L3,0.9916,agonist,0.9993,agonist
KWBDGZKWWSOTIF-UHFFFAOYSA-N,CHEMBL1833,NC1=NC2(CCCCC2)NC(Nc2cccc(F)c2)=N1,,False,L1+L4,L2,0.9992,antagonist,,
OXYYJUKEPAWAMK-XOKLNVNFSA-N,CHEMBL237,COC(=O)[C@@H]1C[C@H](OC(Cl)=O)C(=O)[C@H]2[C@@]1(C)CC[C@H]1C(=O)O[C@@H](C[C@]21C)c1ccoc1,,False,L1+L4,L2+L3,0.9992,agonist,0.9897,agonist
FDLHDUZIGJCBAK-WRLVAQMBSA-N,CHEMBL4644,CCCC[C@@H](NC(C)=O)C(=O)N[C@@H]1CC(=O)NCCCC[C@@H](C(N)=O)NC(=O)[C@H](Cc2c[nH]c3ccccc23)NC(=O)[C@@H](CCCNC(=N)N)NC(=O)[C@H](Cc2ccc3ccccc3c2)NC(=O)C2(CCCCC2)NC1=O,,False,L1+L4,L2,0.9992,agonist,,
HJUAKZYKCANOOZ-OAHLLOKOSA-N,CHEMBL3952,COC(=O)N1CCN([C@H](CN2CCCC2)C1)C(=O)Cc1ccc(Cl)c(Cl)c1,,False,L1+L4,L2+L3,0.9991,agonist,0.9969,antagonist
XATASKINOVYSLA-QKQXSSCFSA-N,CHEMBL4644,CCCC[C@@H](NC(C)=O)C(=O)N[C@@H]1CC(=O)NCCCC[C@@H](C(N)=O)NC(=O)[C@H](Cc2c[nH]c3ccccc23)NC(=O)[C@@H](CCCNC(=N)N)NC(=O)[C@H](Cc2ccc3ccccc3c2)NC(=O)C2(CCCC2)NC1=O,,False,L1+L4,L2,0.9991,agonist,,
HZQJCZKFAXBWBF-UHFFFAOYSA-N,CHEMBL4333,O=C(N(Cc1ccccc1)c1ccccc1)c1cc(on1)C1CC1,,False,L1+L4,L2+L3,0.9357,antagonist,0.9991,antagonist
SAUHQYBXEGARCC-UHFFFAOYSA-N,1-(2-hydroxy-4-nitrophenyl)-3-phenylurea,Oc1cc(ccc1NC(=O)Nc1ccccc1)[N+]([O-])=O,,False,L1+L4,L2+L3,0.9991,antagonist,0.9909,antagonist
COFVZFLCAOUMJT-OAQYLSRUSA-N,Tcs-ox2-29,COc1cc2CCN(Cc2cc1OC)C(=O)[C@@H](NCc1ccncc1)C(C)(C)C,,False,L1+L4,L2,0.9991,antagonist,,
JNBANPLPFQUASQ-UHFFFAOYSA-N,CHEMBL1881,CCN(CC)c1ccc(C(=O)NCCc2c(C)[nH]c3ccccc23)cc1,,False,L1+L4,L2,0.9991,antagonist,,
PBEKHMJUJBBTHM-YRCZKMHPSA-N,CHEMBL270,C=CCN[C@@H](Cc1c(C)cc(O)cc1C)C(=O)N1CCC[C@H]1C(=O)N[C@@H](Cc1ccccc1)C(=O)N[C@@H](Cc1ccccc1)C(N)=O,,False,L1+L4,L2+L3,0.5838,agonist,0.9991,agonist
NEVVXMYOTHZJES-BYMRNIKTSA-N,CHEMBL4644,CCCC[C@@H](NC(C)=O)C(=O)N[C@@H]1CC(=O)NCCCC[C@@H](C(N)=O)NC(=O)[C@H](Cc2c[nH]c3ccccc23)NC(=O)[C@@H](CCCNC(=N)N)NC(=O)[C@H](Cc2ccc3ccccc3c2)NC(=O)C2(CC2)NC1=O,,False,L1+L4,L2,0.999,agonist,,
DBRVLDHXULWYPR-UHFFFAOYSA-N,CHEMBL2434,Oc1c(Cl)c(ccc1NC(=O)Nc1ccccc1Br)C#N,,False,L1+L4,L2+L3,0.999,antagonist,0.9899,antagonist
JZBNYZCKVBXHSV-UHFFFAOYSA-N,CHEMBL2434,Oc1c(NC(=O)Nc2ccccc2Br)ccc(C#N)c1Br,,False,L1+L4,L2+L3,0.999,antagonist,0.9872,antagonist
ZLSDCXIMTHAOPK-DAQIJLTHSA-N,CHEMBL3819,CCCCCCCC\C=C/CCCCCCCC(=O)N[C@@H](COP(O)(O)=O)Cc1ccc(OCc2cc(OCCC)ccn2)cc1,,False,L1+L4,L2+L3,0.999,antagonist,0.9849,antagonist
VBFXRCFWGDRJKA-UHFFFAOYSA-N,VBFXRCFWGDRJKA-UHFFFAOYSA-N,C#CCOc1noc2CCCNCc12,,False,L1+L4,L2,0.999,agonist,,
JIWKHQVNODWESS-UHFFFAOYSA-N,CHEMBL1881,Cc1cc2ccccc2n1CCNC(=O)c1ccc2c(c1)n(C)c(=O)n2C,,False,L1+L4,L2,0.999,antagonist,,
ARQRXWXRYLWRTM-UHFFFAOYSA-N,CHEMBL2434,Oc1c(NC(=O)Nc2ccccc2Br)ccc(Cl)c1C#N,,False,L1+L4,L2+L3,0.999,antagonist,0.9895,antagonist
NTXACQPGPUKHBT-UHFFFAOYSA-N,CHEMBL210,C=CCc1ccccc1OCC(O)CNCCOCCOCCOCCOCCNC(=O)CCCCCC1(C)C(/C=C/C=C/C=C2/N(CCCS(=O)(=O)O)c3ccc(S(=O)(=O)O)cc3C2(C)C)=[N+](CCCS(=O)(=O)[O-])c2ccc(S(=O)(=O)O)cc21,,False,L1+L4,L2+L3,0.9984,antagonist,0.9989,agonist
HVANCKKENVXQOH-KTLPGOAZSA-N,CHEMBL3819,CCCCCCCC\C=C/CCCCCCCC(=O)N[C@@H](COP(O)(O)=O)Cc1ccc(OCc2cc(OCC)ccn2)cc1,,False,L1+L4,L2+L3,0.9989,antagonist,0.9774,antagonist
JELDFLOBXROBFH-UHFFFAOYSA-N,CHEMBL5645,c1ccc(Cc2nn[nH]n2)c(COc2ccc(OCc3ccc4ccccc4n3)cc2)c1,,False,L1+L4,L2,0.9989,antagonist,,
CADGMGWLZUBCQD-ZTYVOHGWSA-N,"D[cha4,orn8]vp",NCCC[C@H](NC(=O)[C@@H]1CCCN1C(=O)[C@@H]1CSSCCC(=O)N[C@@H](Cc2ccc(O)cc2)C(=O)N[C@@H](Cc2ccccc2)C(=O)N[C@@H](CC2CCCCC2)C(=O)N[C@@H](CC(N)=O)C(=O)N1)C(=O)NCC(N)=O,,False,L1+L4,L2,0.9989,agonist,,
NMZPBNMJPWEQGW-NZVNFOOKSA-N,CHEMBL264,Cc1nn(CCOCCOCCNC(=O)CCCCCC2(C)C(/C=C/C=C/C=C3/N(CCCS(=O)(=O)O)c4ccc(S(=O)(=O)O)cc4C3(C)C)=[N+](CCCS(=O)(=O)[O-])c3ccc(S(=O)(=O)O)cc32)cc1-c1ccc2cc(CCN3CCC[C@H]3C)ccc2n1,,False,L1+L4,L2,0.9989,antagonist,,
XDICDRGPXZPGOR-QGZVFWFLSA-N,CHEMBL4792,Cc1nc(C(=O)N2CCC[C@@H](COc3ccc(F)cc3)C2)c(s1)-c1ccccc1,,False,L1+L4,L2,0.9989,antagonist,,
YQLIEUFRUPRJRM-UHFFFAOYSA-N,CHEMBL3974,Br.CCOc1cc2c(c(F)c1OCC)C(=N)N(CC(=O)c1cc(N3CCN(CC#N)CC3)c(OC)c(C(C)(C)C)c1)C2,,False,L1+L4,L2,0.9988,antagonist,,
LMPZHLXYBWGGNT-UHFFFAOYSA-N,Sr-2640,OC(=O)c1ccccc1Nc1cccc(OCc2ccc3ccccc3n2)c1,,False,L1+L4,L2,0.9988,agonist,,
JNEKRCCXHUFBPL-RBGSVQRDSA-N,CHEMBL4644,CCCC[C@@H](NC(C)=O)C(=O)N[C@@H]1CC(=O)NCCCC[C@@H](C(N)=O)NC(=O)[C@H](Cc2c[nH]c3ccccc23)NC(=O)[C@@H](CCCNC(=N)N)NC(=O)[C@H](Cc2ccc3ccccc3c2)NC(=O)[C@H]2CCCN2C1=O,,False,L1+L4,L2,0.9988,agonist,,
KMTDWYLEJRZIJN-HWNQJZBBSA-N,Vpc32183,CCCCCCCC\C=C/CCCCCCCC(=O)N[C@@H](COP(O)(O)=O)Cc1ccc(OCc2cccnc2)cc1,,False,L1+L4,L2,0.9988,antagonist,,
XMHRIFZRYCUJAT-UHFFFAOYSA-N,CHEMBL3571,Cc1ccccc1C(N1CCN(CC1)C(=O)NC(C)(C)C)c1ccc(Cl)cc1,,False,L1+L4,L2,0.9988,antagonist,,
IQZZSRVNEXTPDD-PKGNLNPMSA-N,CHEMBL237,COC(=O)[C@@H]1C[C@H](OC(=O)c2cccc(F)c2)C(=O)C2[C@@]1(C)CC[C@H]1C(=O)O[C@@H](C[C@]21C)c1ccoc1,,False,L1+L4,L2+L3,0.9988,agonist,0.9846,agonist
XOUGGWXXKDCLTN-QWCIBIBSSA-N,CHEMBL1881,O[C@H](\C=C\[C@H]1COC(=O)N1CCSc1nc(cs1)C(O)=O)C1(CCC2CCCCC2)CCC1,,False,L1+L4,L2+L3,0.9961,agonist,0.9987,agonist
CSOSUEZLFQTTOC-SCKSCLOGSA-N,CHEMBL3819,CCCCCCCC\C=C/CCCCCCCC(=O)N[C@@H](COP(O)(O)=O)Cc1ccc(OCc2cc(OC)ccn2)cc1,,False,L1+L4,L2+L3,0.9987,antagonist,0.9811,antagonist
HZQVOKXAHUWYNB-UHFFFAOYSA-N,CHEMBL225,CC1(C)CN2CCNCc3ccc(Cl)c1c23,,False,L1+L4,L2,0.9987,agonist,,
XXOSLSPHUHLICG-UHFFFAOYSA-N,CHEMBL1867,C1CN=C(N1)C(Oc1ccccc1-c1ccccc1)c1ccccc1,,False,L1+L4,L2,0.9987,antagonist,,
AZACIONLWCBJFF-UHFFFAOYSA-N,CHEMBL1881,CCN(CC)c1ccc(C(=O)NCCn2c(C)cc3ccccc32)cc1,,False,L1+L4,L2,0.9986,antagonist,,
NXPWZFZLLPAIPA-UHFFFAOYSA-N,CHEMBL3571,CC(C)(C)NC(=O)N1CCN(CC1)C(c1ccc(Cl)cc1)c1cccc(Cl)c1Cl,,False,L1+L4,L2,0.9986,antagonist,,
KMTDWYLEJRZIJN-KKUMVYOXSA-N,CHEMBL3819,CCCCCCCC\C=C/CCCCCCCC(=O)N[C@H](COP(O)(O)=O)Cc1ccc(OCc2cccnc2)cc1,,False,L1+L4,L2,0.9986,antagonist,,
POTQARLKMQWNDY-UHFFFAOYSA-N,CHEMBL3571,Clc1ccccc1C(N1CCN(CC1)C(=O)NC1CCCCC1)c1ccc(Br)cc1,,False,L1+L4,L2,0.9985,antagonist,,
ZXQMFOGQYCOXHJ-SCKSCLOGSA-N,CHEMBL3819,CCCCCCCC\C=C/CCCCCCCC(=O)N[C@@H](COP(O)(O)=O)Cc1ccc(OCc2cccc(OC)n2)cc1,,False,L1+L4,L2+L3,0.9984,antagonist,0.9762,antagonist
JKKRVAXVBXZCTF-HWNQJZBBSA-N,CHEMBL3819,CCCCCCCC\C=C/CCCCCCCC(=O)N[C@@H](COP(O)(O)=O)Cc1ccc(OCc2ccncc2)cc1,,False,L1+L4,L2,0.9983,antagonist,,
OQFCXJDXHCDLHX-NSHDSACASA-N,OQFCXJDXHCDLHX-NSHDSACASA-N,CS(=O)(=O)Nc1c(O)ccc2[C@H](CCCc12)C1=NCCN1,,False,L1+L4,L2,0.9983,agonist,,
NTMLORZSAFILHZ-HMRWBYCRSA-N,CHEMBL1881,CC#CCC1(CCC1)[C@H](O)\C=C\[C@H]1COC(=O)N1CCSc1nc(cs1)C(O)=O,,False,L1+L4,L2+L3,0.9983,agonist,0.9926,antagonist
KLJQAIZAWFXUQA-UHFFFAOYSA-N,CHEMBL1821,Cc1cc(C)c2c(N)c(C(=O)NCc3ccccc3F)sc2n1.Cl,,False,L1+L4,L2+L3,0.9979,agonist,0.9983,agonist
ZXQMFOGQYCOXHJ-GGNXQEJZSA-N,CHEMBL3250,CCCCCCCC\C=C/CCCCCCCC(=O)N[C@H](COP(O)(O)=O)Cc1ccc(OCc2cccc(OC)n2)cc1,,False,L1+L4,L2+L3,0.9983,antagonist,0.9754,antagonist
OQFCXJDXHCDLHX-UHFFFAOYSA-N,A61603,CS(=O)(=O)Nc1c(O)ccc2C(CCCc12)C1=NCCN1,,False,L1+L4,L2,0.9983,agonist,,
NPLKRVKGYGQWKN-BBACVFHCSA-N,CHEMBL270,C=CCN[C@@H](Cc1c(C)cc(O)cc1C)C(=O)N1CCC[C@H]1C(=O)N[C@@H](Cc1c[nH]c2ccccc12)C(=O)N[C@@H](Cc1ccccc1)C(N)=O,,False,L1+L4,L2+L3,0.9973,agonist,0.9982,agonist
OQFCXJDXHCDLHX-LLVKDONJSA-N,CHEMBL2903,CS(=O)(=O)Nc1c(O)ccc2[C@@H](CCCc12)C1=NCCN1,,False,L1+L4,L2,0.9982,agonist,,
HGTLOKDXNMQMEE-QWCIBIBSSA-N,CHEMBL1881,O[C@H](\C=C\[C@H]1COC(=O)N1CCSc1nc(cs1)C(O)=O)C1(CCc2ccccc2)CCC1,,False,L1+L4,L2+L3,0.9823,agonist,0.9981,antagonist
SQFYVRWKCFGHHV-UHFFFAOYSA-N,CHEMBL2434,CN(C)S(=O)(=O)c1c(Cl)ccc(N=C(NC#N)Nc2cccc(Cl)c2F)c1O,,False,L1+L4,L2+L3,0.9981,antagonist,0.9777,antagonist
JKKRVAXVBXZCTF-KKUMVYOXSA-N,CHEMBL3819,CCCCCCCC\C=C/CCCCCCCC(=O)N[C@H](COP(O)(O)=O)Cc1ccc(OCc2ccncc2)cc1,,False,L1+L4,L2,0.9981,antagonist,,
VRUZHKLMXAKPBL-RPWHMATFSA-N,CHEMBL1881,CCCCC(C)(C)[C@H](O)\C=C\[C@H]1COC(=O)N1CCSc1nc(cs1)C(O)=O,,False,L1+L4,L2+L3,0.9981,agonist,0.9809,agonist
JGSYDDJSPMMTRM-UHFFFAOYSA-N,JGSYDDJSPMMTRM-UHFFFAOYSA-N,CCOc1noc2CCCNCc12,,False,L1+L4,L2,0.998,agonist,,
VDABMKZNXMFUQE-UHFFFAOYSA-N,CHEMBL217,COc1nc2sc(C(=O)NCCCCCCN3CCC(CC3)c3ccc(Cl)cc3)c(N)c2c(C)c1Cl,,False,L1+L4,L2+L3,0.998,agonist,0.9977,agonist
OFYJBLBCZNRWLC-DLUDVSRJSA-N,CHEMBL5645,COc1ccc(NS(=O)(=O)C(F)(F)F)cc1C[C@@H]1COc2ccc(OCc3nc4cc(F)c(F)cc4s3)cc2[C@@H]1O,,False,L1+L4,L2,0.998,antagonist,,
SFRNDJZCGKGVPA-UHFFFAOYSA-N,CHEMBL4018,CCC(CC)C(=O)Nc1ccc(N2CCN(CC2)C(c2nc(C)no2)c2ccccc2)c(F)c1,,False,L1+L4,L2,0.9979,antagonist,,
JXRNSGYOXHMHBN-SCDTUJDPSA-N,CHEMBL4354,Oc1ccc2CC3NCC[C@@]45[C@@H](Oc1c24)c1[nH]c2ccccc2c1C[C@@H]35,,False,L1+L4,L2,0.9979,agonist,,
GGKIVHDNBHPNFR-HJGLZJKISA-N,CHEMBL2858,COc1ccc2c(c1O)[C@]13CCN(CC4CC4)[C@H](C2)[C@]12CC[C@]1(O)[C@H]3[C@H](O2)C(=O)N1Cc1ccccc1,,False,L1+L4,L2+L3,0.9979,agonist,0.9844,agonist
WNRAOSAOOYURKP-UHFFFAOYSA-N,CHEMBL5498,CCCCc1noc(n1)C1=CCC(C)N(C)C1,,False,L1+L4,L2+L3,0.9978,agonist,0.985,agonist
NRIGZEQNWMHQHG-UHFFFAOYSA-N,CHEMBL4354,Cc1cc(O)cc(C)c1CC(N)C(=O)NCCc1nc(O)c(CCNC(=O)C(N)Cc2c(C)cc(O)cc2C)nc1C.Cl.Cl,,False,L1+L4,L2+L3,0.9978,agonist,0.993,agonist
BOWKYNAGSRTBAU-UHFFFAOYSA-N,CHEMBL225,CC1(C)CN2CCNCc3ccc(Br)c1c23,,False,L1+L4,L2,0.9978,agonist,,
DEWKGHLQCAFIJI-UHFFFAOYSA-N,CHEMBL225,CC1(C)CN2CCNCc3ccc(F)c1c23,,False,L1+L4,L2,0.9978,agonist,,
SPTAXSFFLMLIAF-HWNQJZBBSA-N,CHEMBL3819,CCCCCCCC\C=C/CCCCCCCC(=O)N[C@@H](COP(O)(O)=O)Cc1ccc(OCc2cc(OCC(F)(F)F)ccn2)cc1,,False,L1+L4,L2,0.9978,antagonist,,
QJUBRJKAGWBYDR-UHFFFAOYSA-N,CHEMBL1867,CSc1c(F)cccc1NCC1=NCCN1,,False,L1+L4,L2,0.9977,agonist,,
LUHWSRYUHCKNDP-JBRSBNLGSA-N,CHEMBL237,CCCS(=O)(=O)NCc1ccc2O[C@H](Cc2c1)C(=O)N(C)[C@H](CN1CC[C@H](O)C1)c1ccccc1,,False,L1+L4,L2,0.9977,agonist,,
LUHWSRYUHCKNDP-ARNLJNQMSA-N,CHEMBL237,CCCS(=O)(=O)NCc1ccc2O[C@@H](Cc2c1)C(=O)N(C)[C@H](CN1CC[C@H](O)C1)c1ccccc1,,False,L1+L4,L2,0.9977,agonist,,
AMPRKYXQMPOVTC-UHFFFAOYSA-N,CHEMBL4018,CCC(CC)C(=O)Nc1ccc(N2CCN(CC2)C(c2nc(CC)no2)c2ccccc2)c(F)c1,,False,L1+L4,L2,0.9977,antagonist,,
RCSJHBQCFKPJAF-UHFFFAOYSA-N,RCSJHBQCFKPJAF-UHFFFAOYSA-N,CN1CCC=C(c2nc(C3CCC3)no2)C1.O=C(O)C(=O)O,,False,L1+L4,L2+L3,0.9976,agonist,0.9938,agonist
UADYBTCIZNQDKB-DIFWVRRLSA-N,CHEMBL3952,N#CN/C(N)=N/Cc1ccc2[nH]c3c(c2c1)C[C@@]1(O)C2Cc4ccc(O)c5c4[C@@]1(CCN2CC1CC1)[C@H]3O5,,False,L1+L4,L2+L3,0.9976,antagonist,0.996,antagonist
UNMBLVOFOAGGCG-UHFFFAOYSA-N,CHEMBL3974,Br.CCOc1cc2c(c(F)c1OCC)C(=N)N(CC(=O)c1cc(N3CCOCC3)c(OC)c(C(C)(C)C)c1)C2,,False,L1+L4,L2,0.9976,antagonist,,
