InChIKey,preferred_name,smiles,clinical_phase,is_approved,in_assay_universe
AAABHMIRDIOYOK-UHFFFAOYSA-N,CHEMBL1293226,Cn1cc([N+](=O)[O-])c(C(=O)Nc2ccc3[nH]c(-c4ccccc4)nc3c2)n1,,False,True
AAADJTFUPWEOSD-UHFFFAOYSA-N,CHEMBL2179,O=C(CSc1nnc(C2CC2)n1-c1ccccc1)NCCc1ccc(F)cc1,,False,True
AAADMRIIAVPPNA-UHFFFAOYSA-N,CHEMBL2035,O=C(c1ccc(SC(F)(F)F)cc1)N1CCN2C(=O)c3ccccc3C12c1ccccc1,,False,True
AAADPBLPXCELKR-UHFFFAOYSA-N,CHEMBL245,CN1CCN(Cc2cccc(c2)C(=O)NCc2cccc(c2)-c2cccc(CN3CCNCC3)c2)CC1,,False,True
AAAFCIOIVLBHKA-UHFFFAOYSA-N,CHEMBL1795085,O=C(NCc1cccnc1)C1Cc2c(-c3ccc(Cl)cc3)ccnc2O1,,False,True
AAAGJCMYVIZUAW-VBAOBBRWSA-N,AAAGJCMYVIZUAW-VBAOBBRWSA-N,Nc1cccc(CNC(=O)[C@H]2CCCN2C(=O)[C@@H]3CCCN3C(=O)CC(c4ccccc4)(c5ccccc5)c6ccccc6)c1.OC(=O)C(F)(F)F,,False,True
AAAGJRIQWZJWDJ-FQEVSTJZSA-N,CHEMBL4422,COc1ccncc1-c1csc2ccc(COc3ccc(cc3)[C@H](CC(O)=O)C#CC)cc12,,False,False
AAAGJRIQWZJWDJ-UHFFFAOYSA-N,AAAGJRIQWZJWDJ-UHFFFAOYSA-N,,,False,False
AAAHKMSAPZHJEC-UHFFFAOYSA-N,CHEMBL3371,CN1CCCC1Cc1c[nH]c2ccc(OC3CCCCC3)cc12,,False,True
AAAIGLFCNVJIAZ-DOVGANMCSA-N,CHEMBL1878,C[C@@H](OC[C@H](O)CN1CCCC1(C)Cc1ccccc1)c1ccc(C)c2O[C@@H]3[C@H]([C@@H]3c12)C(O)=O,,False,True
AAAIGLFCNVJIAZ-UHFFFAOYSA-N,AAAIGLFCNVJIAZ-UHFFFAOYSA-N,,,False,False
AAALVBIWOWZUBR-UHFFFAOYSA-N,CHEMBL4096,Cc1cccc(NS(=O)(=O)c2ccc3c(c2)CCCN3C(=O)C2CCC2)c1C,,False,True
AAALVYBICLMAMA-UHFFFAOYSA-N,Cgp-52411,O=C1NC(=O)c2cc(Nc3ccccc3)c(Nc3ccccc3)cc21,,False,True
AAAMTKOLGCYPPA-UHFFFAOYSA-N,CHEMBL1293278,CCCCn1c(N)c(N(CC(C)C)C(=O)c2oc3ccc(Br)cc3c2C)c(=O)[nH]c1=O,,False,True
AAANLCCSPMLHMI-UHFFFAOYSA-N,CHEMBL4429,COc1ccccc1N1CCN(CC1)C(=O)c1cc(n[nH]1)-c1ccncc1,,False,True
AAAOOFGUNGMUQS-PEWBXTNBSA-N,CHEMBL2107,CSCC[C@H](NC(C)=O)C(=O)N[C@@H](CC(C)C)C(=O)N[C@@H](CCCNC(=N)N)C(=O)N[C@@H](Cc1c[nH]c2ccccc12)C(=O)N[C@@H](CO)C(=O)N[C@@H](CCCNC(=N)N)C(=O)N[C@@H](CCCCN)C(=O)N[C@@H](CC(C)C)C(=O)N1CCC[C@H]1C(=O)N[C@@H](CS)C(=O)N[C@H](C(=O)N[C@@H](CO)C(=O)O)C(C)C,,False,False
AAAOOFGUNGMUQS-ZFWNXTRLSA-N,CHEMBL2107,CSCC[C@@H](NC(C)=O)C(=O)N[C@@H](CC(C)C)C(=O)N[C@@H](CCCNC(=N)N)C(=O)N[C@@H](Cc1c[nH]c2ccccc12)C(=O)N[C@@H](CO)C(=O)N[C@@H](CCCNC(=N)N)C(=O)N[C@@H](CCCCN)C(=O)N[C@@H](CC(C)C)C(=O)N1CCC[C@H]1C(=O)N[C@@H](CS)C(=O)N[C@H](C(=O)N[C@@H](CO)C(=O)O)C(C)C,,False,False
AAAOTGDHZDZLFN-UHFFFAOYSA-N,CHEMBL1855,CONC(=O)Nc1ccc(cc1)-c1sc2n(Cc3c(F)cccc3F)c(=O)n(-c3ccccc3)c(=O)c2c1CN(C)CCc1ccccn1,,False,True
AAAPQZDYNWUVQA-UHFFFAOYSA-N,CHEMBL218,CCOCC(=O)NC1CCCOc2c1nn(c2-c1ccc(Cl)cc1)-c1ccccc1Cl,,False,True
AAAQFGUYHFJNHI-SFHVURJKSA-N,Molibresib,CCNC(=O)C[C@@H]1N=C(c2ccc(Cl)cc2)c2cc(OC)ccc2-n2c(C)nnc21,Phase 2,False,False
AAAQITMOTRAMTE-UHFFFAOYSA-N,CHEMBL1293316,CCOc1ccccc1C(=O)Nc1ccc(S(=O)(=O)Nc2nc(C)cc(C)n2)cc1,,False,True
AAAQLZOAUALGQJ-UHFFFAOYSA-N,CHEMBL2955,CC(C)CC1(O)CCN(CC1)C(=O)Nc1cc(Oc2ccc(cc2)C(O)=O)cc(Oc2ccc(F)cc2F)c1,,False,True
AAASKFXMJHJYCS-UHFFFAOYSA-N,AAASKFXMJHJYCS-UHFFFAOYSA-N,Cc1cc2c(C)ccc(F)c2n1CCNc1cc(ncn1)-c1ccc(cc1)-c1n[nH]cc1C(O)=O,,False,False
AAASRNHSMGFXGC-UHFFFAOYSA-N,CHEMBL1293232,Cc1ccc(-n2c(-c3cccs3)nc3ccccc3c2=O)cc1,,False,True
AAASTOCNAXSSIQ-UHFFFAOYSA-N,CHEMBL3714079,O=P1(O)Oc2cc(-c3ccccc3)c3ccccc3c2-c2c(cc(-c3ccccc3)c3ccccc23)O1,,False,False
AAAWRDCWFBVNLC-UHFFFAOYSA-N,CHEMBL1963,O=C1CC(N2CCC(n3c(O)nc4ccccc43)CC2)C(=O)N1Cc1ccccc1,,False,True
AAAXWRLNADMLIF-WKULSOCRSA-N,AAAXWRLNADMLIF-WKULSOCRSA-N,CCCCc1nc(Cl)c(\C=N\NC2=NCCN2)n1Cc1ccc(cc1)-c1ccccc1-c1nn[nH]n1,,False,True
AAAXXUGGEMSMCB-UHFFFAOYSA-N,CHEMBL253,Oc1c(C(=O)NC2CC3(CCC3)C2)c(=O)n(Cc2ccc(F)cc2)c2ncccc12,,False,False
AAAZRMGPBSWFDK-UHFFFAOYSA-N,CHEMBL1075094,NC(=O)c1ccsc1NC(=O)CN1CCN(S(=O)(=O)c2ccccc2C(F)(F)F)CC1,,False,True
AABACIJMINAVTN-UHFFFAOYSA-N,CHEMBL1075094,Cc1cccn2c(=O)nc(SCC(=O)N3CCC(Cc4ccccc4)CC3)nc12,,False,False
AABAPQXESPRCSA-UHFFFAOYSA-N,CHEMBL344,CCOC(=O)c1cn2cc(NC(=O)c3ccc(cc3)-c3ccc(cc3)C(F)(F)F)ccc2n1,,False,True
AABAXVYXHFJILS-UHFFFAOYSA-N,CHEMBL1741209,CCc1cc(=O)oc2cc(C)cc(OC(C)C(=O)NC3CC(C)(C)NC(C)(C)C3)c12,,False,True
AABBVPSPFWBHMR-HNNXBMFYSA-N,CHEMBL4429,C[C@@H]1N(CCn2c1nnc2-c1nc(no1)-c1ccc(F)cc1)C(=O)c1ccc(cc1)-c1cccs1,,False,False
AABBVPSPFWBHMR-OAHLLOKOSA-N,CHEMBL4429,C[C@H]1N(CCn2c1nnc2-c1nc(no1)-c1ccc(F)cc1)C(=O)c1ccc(cc1)-c1cccs1,,False,False
AABBVPSPFWBHMR-UHFFFAOYSA-N,CHEMBL4429,CC1N(CCn2c1nnc2-c1nc(no1)-c1ccc(F)cc1)C(=O)c1ccc(cc1)-c1cccs1,,False,False
AABDRJHZBVPFLI-KHPPLWFESA-N,N-(4-methoxybenzyl)oleamide,CCCCCCCC\C=C/CCCCCCCC(=O)NCc1ccc(OC)cc1,,False,True
AABDRJHZBVPFLI-UHFFFAOYSA-N,AABDRJHZBVPFLI-UHFFFAOYSA-N,,,False,False
AABHMQVNLULEDP-UHFFFAOYSA-N,CHEMBL4421,CCCCNc1ccc(C(=O)O)cn1,,False,True
AABIUXXJGLXQTM-KQFVITFDSA-N,CHEMBL4774,CC(=O)N[C@@H](Cc1cnc[nH]1)C(=O)N[C@@H](CCCNC(=N)N)C(=O)N[C@H](Cc1ccc(I)cc1)C(=O)N[C@H](Cc1ccc2ccccc2c1)C(N)=O,,False,False
AABIUXXJGLXQTM-MBEDZMRZSA-N,CHEMBL4774,CC(=O)N[C@@H](Cc1cnc[nH]1)C(=O)N[C@@H](CCCNC(=N)N)C(=O)N[C@H](Cc1ccc(I)cc1)C(=O)N[C@@H](Cc1ccc2ccccc2c1)C(N)=O,,False,False
AABJMUMRLMCEIF-UHFFFAOYSA-N,CHEMBL1293278,CC1(C)Cc2cccc(OCC(=O)N3CCN(c4cccc(Cl)c4)CC3)c2O1,,False,True
AABLJASYIDRGBU-GUTACTQSSA-M,CHEMBL4441,CC1(C)[C@H]2CC=C(C[N+](C)(C)Cc3ccc(-c4c(Cl)cccc4Cl)cc3)[C@@H]1C2.[I-],,False,True
AABPBNJVYVWAJE-UHFFFAOYSA-N,AABPBNJVYVWAJE-UHFFFAOYSA-N,CCOC(=O)C1C(C#Cc2ccccc2)C(C(=O)OC(C)(C)C)=C(N=C1C)c1ccccc1,,False,False
AABPSESTZLBZAJ-UHFFFAOYSA-N,CHEMBL4441,CC(=O)c1nc2ccccc2n1CC(=O)c1ccc(Cl)cc1,,False,True
AABQOSHDRSWHSN-UHFFFAOYSA-N,CHEMBL1293235,CC(=O)Nc1cc(OC(C)=O)c2nonc2c1OC(C)=O,,False,True
AABVUXFFHVGZGI-UHFFFAOYSA-N,CHEMBL4792,Cc1oc(nc1C(C)(C)O)N1CC2CN(CC2C1)C(=O)c1nccnc1-n1cccn1,,False,False
AABXIVRNFNDUCI-UHFFFAOYSA-N,CHEMBL344,COc1cc(CN2CCCC22COC2)ccc1OC1CN(C1)C(=O)c1nnc(o1)-c1ccccc1,,False,True
AABXLGHALFKKLB-UHFFFAOYSA-N,CHEMBL1795085,COc1ccccc1-c1cc(NC=O)c2ncc(-c3cccc(C(C)=O)c3)n2c1,,False,True
AABXSESJRGKXGN-UHFFFAOYSA-N,AABXSESJRGKXGN-UHFFFAOYSA-N,Nc1nc(cs1)-c1ccc(CCCCN2CCN(CC2)c2ccccc2)cc1,,False,False
AABXZZAFWRPYLP-UHFFFAOYSA-N,CHEMBL273,Fc1cc(F)c(=O)n(c1)-c1ccc(cc1)N1CCN(CCCCCc2c[nH]c3ccc(cc23)C#N)CC1,,False,False
AABYLPRACHMDSN-DDKMDXNESA-N,CHEMBL1963,C[C@@H](C(=O)NCC1CC1)[C@H]1C[C@]1(C)[C@H](NC(=O)OCc1ccccc1)c1ccccc1,,False,True
AABYLPRACHMDSN-PVLDIMPDSA-N,CHEMBL3622,C[C@@H](C(=O)NCC1CC1)[C@@H]1C[C@@]1(C)[C@@H](NC(=O)OCc1ccccc1)c1ccccc1,,False,True
AABZNODCCBJWSB-UHFFFAOYSA-N,AABZNODCCBJWSB-UHFFFAOYSA-N,CCCNC(=O)NCCc1ccc(OCC(O)CNC(C)(C)C)cc1,,False,True
AABZTMRZWJMBNH-UHFFFAOYSA-N,CHEMBL4691,COc1nn2cc(nc2s1)-c1cc2c(OCc3csc(n3)-c3ccc(OC)cc3)cc(OC)cc2o1,,False,True
AACALNSOMDQMRY-UHFFFAOYSA-N,CHEMBL1287622,Cc1cc(S(=O)(=O)N2CCN(c3ccccn3)CC2)ccc1F,,False,False
AACAQPYJOQPZBF-UHFFFAOYSA-N,AACAQPYJOQPZBF-UHFFFAOYSA-N,O=C1NC(=Nc2cn(nc12)c3ccccc3)c4ccccc4,,False,True
AACBLUDFPRDGJC-UHFFFAOYSA-N,CHEMBL3371,O=S(=O)(c1ccccc1)c1ccc2c3CNCCCc3oc2c1,,False,True
AACCKHROFFBPIY-KNQAVFIVSA-N,AACCKHROFFBPIY-KNQAVFIVSA-N,COc1ccc([C@@H](Cc2ccccc2)NC[C@H](O)c2ccc(O)c(NS(C)(=O)=O)c2)c(OC)n1,,False,True
AACCKHROFFBPIY-UHFFFAOYSA-N,AACCKHROFFBPIY-UHFFFAOYSA-N,,,False,False
AACCYDBZWAOEIL-UHFFFAOYSA-N,CHEMBL2056,Cc1cc(Oc2ncccc2OC(F)F)ccc1-c1c(C)n[nH]c(=O)c1C,,False,False
AACDCSBTWQKCLH-MCPWVCTESA-N,CHEMBL4975,C[C@@]1(O)[C@H](O)[C@@H](CO)O[C@H]1n1cnc2c(NC3CCCCC3)ncnc21,,False,True
AACFPJSJOWQNBN-UHFFFAOYSA-N,Cid755673,O=C1NCCCc2c1oc1ccc(O)cc21,,False,False
AACGAMXGVRSOQK-GZTJUZNOSA-N,CHEMBL5514,Cc1cc(/C=C(\C#N)C(=O)NCc2cccs2)c(C)n1-c1ccc([N+](=O)[O-])cc1,,False,True
AACGGNAFRLCLCY-FCGDIQPGSA-N,CHEMBL4227,O=C(NCCCCN1CCCC1)[C@H]1[C@H](C(=O)Nc2cnc(Cl)nc2)[C@@H]2C=C[C@H]1C21CC1,,False,True
AACJICLCLVMZKK-UHFFFAOYSA-N,AACJICLCLVMZKK-UHFFFAOYSA-N,C(CCc1c[nH]c2ccccc12)CN1CCC(=CC1)c1ccccc1,,False,True
AACJRDQBZYMCIZ-UHFFFAOYSA-N,AACJRDQBZYMCIZ-UHFFFAOYSA-N,CCCNCC(O)COc1ccc2c(c1)oc(-c1ccccc1)c(-c1ccccc1)c2=O,,False,True
AACLSPCZHVAHCX-LOWVDXKZSA-N,CHEMBL5409,CCCCCC[C@@]1(O)C[C@@H]2C[C@H](O)CC[C@]2(C)[C@H]2C[C@H](O)[C@]3(C)[C@@H]([C@H](C)CCC(=O)O)CC[C@H]3[C@@H]21,,False,False
AACMOCSSQXOERG-PZJWPPBQSA-N,CHEMBL1875,CO[C@@H]1CN(CC2CCN(CC2)C(C)=O)CC[C@@H]1NC(=O)c1cc(Cl)c(N)cc1OC,,False,True
AACMOCSSQXOERG-UHFFFAOYSA-N,AACMOCSSQXOERG-UHFFFAOYSA-N,,,False,False
AACMTVUEMCPCHE-UHFFFAOYSA-N,CHEMBL1795085,O=C(C1CC1)N1N=C(c2ccc(Br)cc2)CC1(O)C(F)(F)F,,False,True
AACMUARQDPOIFF-JXHOBYDLSA-N,CHEMBL5113,CC[C@H](C)[C@H](NC(=O)[C@H](CC(C)C)NC(=O)[C@@H](NC(=O)[C@@H](N)CCSC)[C@@H](C)O)C(=O)NCC(=O)N[C@@H](C)C(=O)N[C@@H](C)C(=O)N[C@@H](Cc1cnc[nH]1)C(=O)N[C@@H](CC(N)=O)C(=O)NCC(=O)N[C@@H](CO)C(=O)N[C@@H](C)C(=O)N[C@@H](CCC(N)=O)C(=O)N[C@@H](CC(C)C)C(=O)N[C@@H](CC(C)C)C(=O)N[C@@H](CCCN=C(N)N)C(=O)N[C@@H](CCC(N)=O)C(=O)N[C@@H](Cc1c[nH]c2ccccc12)C(=O)N[C@@H](CCCN=C(N)N)C(=O)NCC(=O)N[C@@H](CCC(N)=O)C(=O)N[C@@H](CC(C)C)C(=O)NCC(=O)N1CCC[C@H]1C(=O)N1CCC[C@H]1C(=O)NCC(=O)N[C@@H](CO)C(=O)N[C@@H](CCCN=C(N)N)C(N)=O,,False,True
AACMUARQDPOIFF-UHFFFAOYSA-N,AACMUARQDPOIFF-UHFFFAOYSA-N,,,False,False
AACNFBWTGDBFJF-UHFFFAOYSA-N,CHEMBL1293235,COc1ccc(S(=O)(=O)N2CCC(O)(c3ccc(Cl)cc3)CC2)cc1,,False,True
AACRTFVHFCAWQM-UHFFFAOYSA-N,CHEMBL4159,CN(C)CCCNc1oc(-c2ccccc2)nc1C#N,,False,True
AACSWPKJBKRNAM-UHFFFAOYSA-N,CHEMBL4096,COc1ccc(-c2nc3scc(CCNS(=O)(=O)c4ccc5c(c4)OCCO5)n3n2)cc1,,False,False
AACTUBFOGVFADC-UHFFFAOYSA-N,AACTUBFOGVFADC-UHFFFAOYSA-N,CSc1ccc2c(c1)C(=O)N(CCCCN1CCC(CC1)n1c3ccccc3oc1=O)S2(=O)=O,,False,True
AACTWTRZMXFZKN-CPNWZACFSA-N,CHEMBL1075094,COC(=O)[C@@]12CCCCN1[C@H](c1ccc(-c3ccc(F)cc3)c(OC)c1)[C@@H]1C(=O)N(C)C(=O)[C@@H]12.O=C(O)C(F)(F)F,,False,True
AACUKVXTFOXDGE-UHFFFAOYSA-N,CHEMBL1963,CCOC(=O)C(CC)Sc1ncnc2c1nnn2-c1ccc(F)cc1,,False,True
AACVFPBDJIZOLP-CCGNRUJASA-N,CHEMBL1889,FC(F)(F)c1cccc(CNC(=O)[C@H](CC(=O)N2CCCN(Cc3ccccc3)CC2)N2[C@H](\C=C\c3ccccc3)[C@H](N3[C@H](COC3=O)c3ccccc3)C2=O)c1,,False,True
AACVFPBDJIZOLP-UHFFFAOYSA-N,AACVFPBDJIZOLP-UHFFFAOYSA-N,,,False,False
AACWUFIIMOHGSO-UHFFFAOYSA-N,CHEMBL251,CN(C)CCC(=O)Nc1cc(nc(n1)-c1ccc(C)o1)-n1nc(C)cc1C,,False,True
AACZCKZTUMTPKO-UHFFFAOYSA-N,CHEMBL1901,CCOc1cccc(c1)-n1cc(nc1-c1ccc(C)cc1F)C(=O)N1CCN(CC1)c1cc(C(O)=O)c2ccccc2c1,,False,True
AACZENBYYTUWJZ-UHFFFAOYSA-N,CHEMBL1628472,Clc1ccc(cc1)-c1noc(n1)-c1ccc(NC(=O)C2CN(Cc3cccnc3)C(=O)C2)cc1,,False,False
AADAWMZQANDEKA-LLVKDONJSA-N,AADAWMZQANDEKA-LLVKDONJSA-N,C[C@@H](OC(=O)Nc1c(nnn1C)-c1ccc(NC(=O)c2cnc(o2)C2CC2)cn1)c1cc(F)cnc1F,,False,False
AADAWMZQANDEKA-UHFFFAOYSA-N,AADAWMZQANDEKA-UHFFFAOYSA-N,,,False,False
AADBANJKFIORNE-UHFFFAOYSA-N,CHEMBL3759,CN(C)C1CCN(CCCOc2ccc(cc2Cl)-c2nc3ccc(cc3[nH]2)C(C)(C)C)C1,,False,True
AADBHVDMLFAXQC-HSZRJFAPSA-N,AADBHVDMLFAXQC-HSZRJFAPSA-N,CN1C(=O)C[C@@H](C(C(=O)NCCCN2CCC(CC2)c2ccc(F)cc2)=C1C)c1ccc(F)c(F)c1,,False,True
AADBHVDMLFAXQC-UHFFFAOYSA-N,AADBHVDMLFAXQC-UHFFFAOYSA-N,,,False,False
AADBLBDNKSDEHY-UHFFFAOYSA-N,CHEMBL5160,CC(C)(C)c1ccc(OC(=O)N2CCc3c([nH]c4ccc(O)cc34)C2)cc1,,False,True
AADCDMQTJNYOSS-LBPRGKRZSA-N,Eticlopride,CCN1CCC[C@H]1CNC(=O)c1c(O)c(CC)cc(Cl)c1OC,,False,True
AADCDMQTJNYOSS-UHFFFAOYSA-N,AADCDMQTJNYOSS-UHFFFAOYSA-N,CCC1=CC(=C(C(=C1O)C(=O)NCC2CCCN2CC)OC)Cl,,False,False
AADCSVDRPUOIIJ-UHFFFAOYSA-N,AADCSVDRPUOIIJ-UHFFFAOYSA-N,,,False,False
AADCSVDRPUOIIJ-UYMBLXCVSA-N,CHEMBL3892,CC(C)\N=C1/S\C(=C/c2ccc(O)c(Cl)c2)C(=O)N1c1cccc(Cl)c1,,False,True
AADCSVDRPUOIIJ-YKPRPPQLSA-N,AADCSVDRPUOIIJ-YKPRPPQLSA-N,CC(C)N=C1S/C(=C\c2ccc(O)c(Cl)c2)C(=O)N1c1cccc(Cl)c1,,False,False
AADCXZXYAUHWRX-AFUMVMLFSA-N,CHEMBL1075094,O=C(N/N=C/c1cccnc1)c1cc(-c2ccc(Cl)cc2)nc2ccccc12,,False,True
AADDKLKFCNPPIE-UHFFFAOYSA-N,CHEMBL3948,CCCCC(=O)Nc1ccc(c(c1)-n1nc(CCCC)n(Cc2ccc(cc2F)-c2ccccc2S(=O)(=O)NC(=O)OC(C)(C)C)c1=O)C(F)(F)F,,False,False
AADDSQZYRPLJFM-UHFFFAOYSA-N,CHEMBL1293224,COc1cc(NC(=O)CSc2ccc(-c3sc(-c4ccccc4)nc3C)nn2)cc(OC)c1,,False,False
AADFZPKNHMLDQR-UHFFFAOYSA-N,CHEMBL5339,CCC(CC)c1cncc(n1)-c1cc(F)c(N2CCC(CC(O)=O)C2)c(F)c1,,False,False
AADHGWGGROCAHV-UHFFFAOYSA-N,CHEMBL3577,CCCn1c(N2CCN(CC(=O)c3c(C)n(C)c4ccccc34)CC2)nc2c1c(=O)[nH]c(=O)n2C,,False,True
AADHNFIRCRYOGZ-UHFFFAOYSA-N,CHEMBL1293226,COc1ccc(C2=NN(c3nc(C(=O)O)cs3)C(O)(C(F)(F)F)C2)c(OC)c1,,False,True
AADIDHFXTKJENY-UHFFFAOYSA-N,CHEMBL2736,Cn1ncc2cc(Nc3n[nH]c4cccnc34)ccc12,,False,True
AADJQCRYJYCVDO-KQQHTNMISA-N,CHEMBL252,CCCCN(CCCC)C(=O)CN1C[C@H](c2cc(OC)c3c(c2)OCO3)[C@@H](C(=O)O)[C@@H]1CC(C)(C)CCC.Cc1ccc(S(=O)(=O)O)cc1,,False,False
AADJXEUFMXQSPA-PLRPEPICSA-N,CHEMBL1075094,CCN1C(=O)[C@H]2[C@@H](c3ccc(-c4ccc(F)cc4)cc3)N[C@@](CC(C)C)(C(=O)OC)[C@H]2C1=O.O=C(O)C(F)(F)F,,False,True
AADKXTXSFHQPAZ-UHFFFAOYSA-N,CHEMBL2107,Cc1ccc(S(=O)(=O)NCc2ccc(CNC(=O)c3c(Cl)cc(Cl)cc3Cl)cc2)cc1,,False,True
AADMBJQKWWIIBC-UHFFFAOYSA-N,CHEMBL1878,O=C(Nc1nc2ccccc2n1Cc1ccccc1)N(CCC(c1ccccc1)c1ccccc1)CCN1CCOCC1,,False,True
AADMHMQHAHPDLZ-LDLYASANSA-N,CHEMBL5994,COc1cc(cc(OC)c1OC)C(=O)N[C@H]1C[C@@H]2CCC[C@H](C1)N2CC(=O)Nc1ccccc1Br,,False,True
AADMHMQHAHPDLZ-UHFFFAOYSA-N,AADMHMQHAHPDLZ-UHFFFAOYSA-N,,,False,False
AADMHMQHAHPDLZ-YQQQUEKLSA-N,AADMHMQHAHPDLZ-YQQQUEKLSA-N,COC1=CC(=CC(=C1OC)OC)C(=O)NC2C[C@H]3CCC[C@@H](C2)N3CC(=O)NC4=CC=CC=C4Br,,False,False
AADMKFJZHGZUOL-UHFFFAOYSA-N,CHEMBL1963,Cc1nc2nc(C)c(CCC(=O)NCc3ccc4c(c3)OCO4)c(C)n2n1,,False,True
AADMYFPTDLOICR-UHFFFAOYSA-N,AADMYFPTDLOICR-UHFFFAOYSA-N,CC1(C)CC(N)(C(=O)O)c2ccc(C(=O)O)cc2O1,,False,True
AADORYZVGJDNSZ-UHFFFAOYSA-N,CHEMBL1293235,COc1ccc(C2=CC(c3ccc(OC)c(OC)c3)n3nnnc3N2)c(OC)c1,,False,True
AADPSPMQYLGCHH-UHFFFAOYSA-N,CHEMBL3563,O=C(CSc1nnc(-c2cccs2)n1-c1cccc(Cl)c1)c1cccc2c1OCCO2,,False,True
AADREHBCWGMZDZ-UHFFFAOYSA-N,CHEMBL344,Cc1nc(nc2ccc(NC(=O)COc3ccc(Cl)cc3)cc12)N1CCN(CC(C)(C)C)CC1,,False,True
AADRISRPIVZEDI-HKUYNNGSSA-N,CHEMBL216,O[C@H]1CCCC[C@@H]1NC(=O)C1=CN(Cc2ccc(Cl)c(Cl)c2)c2ccccc2O1,,False,False
AADRLICLFOKYNJ-UKTHLTGXSA-N,CHEMBL1293235,CC1=Nc2ccccc2/C1=C/c1nc(-c2ccc(C)s2)oc1O,,False,False
AADSFGMHGXEQDC-UHFFFAOYSA-N,CHEMBL344,CN(C)CC1CN(c2cc(ccc2O1)-n1cnc2cc(sc2c1=O)-c1ccc(Cl)cc1)S(=O)(=O)c1ccccc1,,False,True
AADSIEWMSHPCSV-UHFFFAOYSA-N,AADSIEWMSHPCSV-UHFFFAOYSA-N,Fc1ccccc1C1=NC(CNC(=O)c2ccsc2)CNc2ccccc12,,False,True
AADSJPKBOIGAAW-UHFFFAOYSA-N,AADSJPKBOIGAAW-UHFFFAOYSA-N,,,False,True
AADSRSCSJBIQMT-UHFFFAOYSA-N,CHEMBL3577,O=c1cc(N2CCc3ccccc32)[nH]c(=O)n1-c1ccccc1,,False,True
AADUCVDLTRLLQG-UHFFFAOYSA-N,CHEMBL1945,COc1cc2c(CO)coc2cc1C,,False,False
AADUQEJYBCZCAP-OUKQBFOZSA-N,CHEMBL1811,Cc1c(-c2ccccc2)nn(-c2nc(/C=C/C(=O)O)cs2)c1-c1ccccc1,,False,True
AADVZSXPNRLYLV-UHFFFAOYSA-N,AADVZSXPNRLYLV-UHFFFAOYSA-N,,,False,False
AADVZSXPNRLYLV-YYCJRWKUSA-N,CHEMBL1916,O[C@H]1CC[C@H]2CN3CCc4c([nH]c5ccccc45)[C@@H]3CC2[C@H]1C(O)=O,,False,True
AADWBQLQKGQDIM-UHFFFAOYSA-N,CHEMBL5067,O=C(CCCN1CCC(CC1)c1cc2CCc3ccc(CCc1cc2)cc3)c1cc2CCc3ccc(CCc1cc2)cc3,,False,True
AADWHZPNHCHIAB-UHFFFAOYSA-N,CHEMBL3371,Cc1cc(C)n2nc(N3CCNCC3)c(c2n1)S(=O)(=O)c1ccccc1,,False,True
AADXJQSANSVKFN-UHFFFAOYSA-N,AADXJQSANSVKFN-UHFFFAOYSA-N,O=S1(=O)N(CCCN2CCN(CC2)c2nc3ccccc3s2)c2cccc3cccc1c23,,False,True
AADZJKRQQGSLMB-UHFFFAOYSA-N,CHEMBL4096,Cc1c(-c2nc3ccccc3[nH]2)cnn1C,,False,False
AAEBOBIGGHDTCH-RHSMWYFYSA-N,CHEMBL4792,C[C@@H]1CC[C@H](CN1C(=O)c1cc(Br)ccc1-n1nccn1)Sc1cc(ccn1)C#N,,False,False
AAEBOBIGGHDTCH-UHFFFAOYSA-N,AAEBOBIGGHDTCH-UHFFFAOYSA-N,,,False,False
AAEBOWDYLODFEZ-UHFFFAOYSA-N,AAEBOWDYLODFEZ-UHFFFAOYSA-N,CC(C)NCC(O)COc1ccc(CCn2cncn2)cc1,,False,True
AAECWYRBNLAANF-UHFFFAOYSA-N,AAECWYRBNLAANF-UHFFFAOYSA-N,CN1CCC=C(C1)c1nsnc1OCCOCCOCCOCCOCCOc1nsnc1C1=CCCN(C)C1,,False,False
AAEFMWCJMSJYIJ-UHFFFAOYSA-N,AAEFMWCJMSJYIJ-UHFFFAOYSA-N,Cc1cn(CC#CCN2CCCC2=O)c(C)n1,,False,True
AAEHAPSDVVCWLJ-UHFFFAOYSA-N,AAEHAPSDVVCWLJ-UHFFFAOYSA-N,,,False,False
AAEHNXBQLULMSR-UHFFFAOYSA-N,AAEHNXBQLULMSR-UHFFFAOYSA-N,,,False,False
AAEHNXBQLULMSR-XTEPFMGCSA-N,AAEHNXBQLULMSR-XTEPFMGCSA-N,Clc1ccc(cc1)C(=O)N1C[C@H](CN2CCC(CC2)c2ccccc2)[C@H](C1)c1ccccc1,,False,True
AAEIJYARJYLTIS-UHFFFAOYSA-N,CHEMBL2014,Cc1cc(N)c2cc(NC(=O)c3ccccc3COc3ccc(CNCCCCCCCCCCN)cc3)ccc2n1,,False,True
AAEINTORHBRERB-UHFFFAOYSA-N,CHEMBL1293234,C=CCNC(=O)CN1CCN(C(c2ccccc2)c2ccccc2)CC1.O=C(O)C(=O)O,,False,True
AAELEHAFAYIZRH-KDURUIRLSA-N,CHEMBL234,O=C(N[C@@H]1CC[C@H](CCN2CCN(CC2)c2nsc3ccccc23)CC1)c1ccco1,,False,True
AAELEHAFAYIZRH-UHFFFAOYSA-N,AAELEHAFAYIZRH-UHFFFAOYSA-N,O=C(NC1CCC(CCN2CCN(c3nsc4ccccc34)CC2)CC1)c1ccco1,,False,True
AAELEHAFAYIZRH-WGSAOQKQSA-N,CHEMBL234,O=C(N[C@H]1CC[C@H](CCN2CCN(CC2)c2nsc3ccccc23)CC1)c1ccco1,,False,True
AAELFMMXNFMCCW-BXKDBHETSA-N,CHEMBL224,C[C@@H]1CNC[C@H]2Cc3ccc(cc3N12)C#N,,False,True
AAELFMMXNFMCCW-UHFFFAOYSA-N,AAELFMMXNFMCCW-UHFFFAOYSA-N,,,False,False
AAEONWJUOVATKE-BBACVFHCSA-N,CHEMBL5413,CNC(=N)NCCC[C@H](NC(=O)[C@H](CC(C)C)NC(=O)NNC(=O)[C@H](Cc1ccccc1)NC(=O)Cc1ccccc1)C(=O)N[C@@H](Cc1c[nH]c2ccccc12)C(N)=O,,False,True
AAEONWJUOVATKE-UHFFFAOYSA-N,AAEONWJUOVATKE-UHFFFAOYSA-N,,,False,False
AAEQYZNWJLCHTR-DHXKCHKJSA-N,CHEMBL1293235,CC#CCN1c2ccccc2[C@]23C[C@@H](C(=O)OC)N(C(=O)c4cc(C)oc4C)C2=NC(C(=O)OC)=C(C(=O)OC)[C@H]13,,False,True
AAEUUDDQBCAIDK-UHFFFAOYSA-N,CHEMBL1293278,CCCn1ncc(CN2CCC(Cc3cccc(F)c3)(C(=O)OCC)CC2)c1C,,False,True
AAEVPRISMKXZKU-LJQANCHMSA-N,CHEMBL4333,CCCCCCCCc1ccc(CC[C@@H](N)CCP(O)(O)=O)cc1,,False,True
AAEVPRISMKXZKU-UHFFFAOYSA-N,CHEMBL4333,CCCCCCCCc1ccc(CCC(N)CCP(O)(O)=O)cc1,,False,True
AAEWPABKHHBJEI-FVUUGDKNSA-N,CHEMBL5652,CC1(C)C[C@@]2(CO1)CC[C@@H](CC2)Nc1cc(Nc2ccc(cc2F)S(C)(=O)=O)ncn1,,False,True
AAEWPABKHHBJEI-UHFFFAOYSA-N,AAEWPABKHHBJEI-UHFFFAOYSA-N,CC1(C)CC2(CCC(Nc3cc(Nc4ccc(S(C)(=O)=O)cc4F)ncn3)CC2)CO1,,False,False
AAEWZXWSKLYDSE-UHFFFAOYSA-N,CHEMBL1878,O=C(Nc1cccc(c1)C#N)N(CCC(c1ccccc1)c1ccccc1)CCN1CCOCC1,,False,True
AAEXAWXHXYDQNR-UHFFFAOYSA-N,CHEMBL5652,CC(C)c1noc(n1)N1CCC(CCCNc2ccc3CCC(=O)c3c2)CC1,,False,True
AAEXESBLHLXYCD-UHFFFAOYSA-N,CHEMBL3577,COc1ccc(CNC(=O)CCSCc2ccccc2C)cc1,,False,True
AAEXTICMMYDGTO-UHFFFAOYSA-N,CHEMBL1293294,CC(C)(C)C(=O)N1CCc2cc(-c3csc(N)n3)ccc21,,False,True
AAEXVSAWNIJMSJ-OKILXGFUSA-N,AAEXVSAWNIJMSJ-OKILXGFUSA-N,,,False,False
AAEYDFXKGIXSDP-UHFFFAOYSA-N,CHEMBL216,Cc1nc(c(s1)S(=O)(=O)N1CC(C1)C(=O)N1CCN(CC1)c1ccncc1)C(F)(F)F,,False,True
AAEYTMMNWWKSKZ-UHFFFAOYSA-N,CHEMBL251,Nc1c(sc2nc3CCCCc3cc12)C(=O)Nc1ccc(cc1)[N+]([O-])=O,,False,True
AAEZVFLSEIKXJQ-UHFFFAOYSA-N,CHEMBL1741209,Cc1ccc(NC(=O)NC2CC(=O)N(c3ccc4c(c3)OCCO4)C2)cc1F,,False,True
AAFBBYLIBYKZEB-RPBOFIJWSA-N,CHEMBL4077,NCCCC[C@H]1NC(=O)[C@H](Cc2c[nH]c3ccccc23)SCCN(CCc2ccccc2)C1=O,,False,True
AAFBEHNXWXLBMK-UHFFFAOYSA-N,AAFBEHNXWXLBMK-UHFFFAOYSA-N,CCCCN(CC)C(=O)c1sc(Nc2c(Cl)cc(Cl)cc2Cl)nc1C,,False,False
AAFCIQNXBXIJOS-UHFFFAOYSA-N,CHEMBL1075094,Cc1ccc(N(C)S(=O)(=O)c2cc3c(cc2C)NC(=O)CO3)cc1,,False,False
AAFCMWWNQVJIOV-CTNGQTDRSA-N,CHEMBL5493,Cc1ccc(N2CCC(CC2)C(=O)N2[C@@H](CC[C@@H]2c2ccccc2Cl)C(O)=O)c(c1)[N+]([O-])=O,,False,False
AAFDICQMTWSBRE-JBMYIVNKSA-N,CHEMBL1963,CC(C)C[C@@H](CC(=O)N[C@@H](CCCN)CC(=O)N[C@@H]1CCCC[C@H]1C(=O)N[C@H](CC(=O)N[C@@H](CCC(=O)O)CC(=O)O)CC(C)C)NC(=O)[C@@H]1CCCC[C@H]1N,,False,True
AAFFNDJZZCYJIG-PBSZENBHSA-N,CHEMBL1784,Cc1ccccc1S(=O)(=O)N1C[C@H]2[C@H]3C(=O)N(C4CCCCC4)C(=O)[C@H]3CC(=O)[C@H]2[C@@H]1c1ccc(Cl)cc1,,False,True
AAFGQGUAUKKREU-NKFKGCMQSA-N,CHEMBL5896,CN(C)S(=O)(=O)n1cc(/C=C(\NC(=O)c2ccccc2)C(=O)NCCN2CCOCC2)c2ccccc21,,False,False
AAFHRLBIEMJBDA-UHFFFAOYSA-N,CHEMBL1293235,CCCC1=Nc2cc(C(=O)NC3CCCCC3)ccc2Sc2ccc(C)cc21,,False,True
AAFIDRUCDKVRAX-UHFFFAOYSA-N,CHEMBL274,Clc1ccc(cc1Cl)C1(CCN(C1)C(=O)c1ccco1)OCCN1CCC2(CC1)N(CNC2=O)c1ccccc1,,False,True
AAFJMTJWSYZCLD-UHFFFAOYSA-N,CHEMBL5313,CCCCSC1=C(C#N)C(CC(=O)N1)c1ccccc1C,,False,True
AAFKOXZJMUODRO-WXVAWEFUSA-N,CHEMBL237,Cc1cccc(Oc2ccc(C(=O)N[C@H](CN3CCN(c4cccc(O)c4)[C@@H](C)C3)C(C)C)cc2O)c1,,False,True
AAFKZINCWOVPRV-UHFFFAOYSA-N,AAFKZINCWOVPRV-UHFFFAOYSA-N,CC1OC(=O)C=C2C1C(=O)C(=O)C1=C2CCC(C)(C)O1,,False,False
AAFLALGGEYRGTR-UHFFFAOYSA-N,CHEMBL218,CCc1c(C)sc(NC(=O)c2ccc(Cl)cc2)c1C(=O)OC,,False,True
AAFLCIOJXSTSDK-UHFFFAOYSA-M,CHEMBL1811,CCc1cn(-c2nc(C(=O)[O-])cs2)c2cc(Cl)ccc12.[Na+],,False,True
AAFLHUGZAQQWED-PLNGDYQASA-N,AAFLHUGZAQQWED-PLNGDYQASA-N,COc1ccc(cc1\C=C/CN(C)C)C(=O)Nc1ccc(cc1)-c1ccncc1,,False,True
AAFLHUGZAQQWED-SNAWJCMRSA-N,AAFLHUGZAQQWED-SNAWJCMRSA-N,COc1ccc(cc1\C=C\CN(C)C)C(=O)Nc1ccc(cc1)-c1ccncc1,,False,True
AAFLHUGZAQQWED-UHFFFAOYSA-N,AAFLHUGZAQQWED-UHFFFAOYSA-N,,,False,False
AAFNEINEQRQMTF-UHFFFAOYSA-N,CHEMBL3251,CN1C(C)(C)CCCC1(C)C.O=C(O)C(O)C(O)C(=O)O,,False,True
AAFOVPUUTGEHOG-UHFFFAOYSA-N,CHEMBL1293278,CCc1ccc(NC(=O)Cn2nnc(-c3ccc(C)cc3-n3cnnn3)n2)cc1,,False,True
AAFPEBOTHTYVHR-UHFFFAOYSA-N,CHEMBL1293294,COC(=O)c1ccc(C(=O)NC2CCCc3c2cnn3-c2ccc(C)c(C)c2)cc1,,False,True
AAFPGACSSOSLPD-UHFFFAOYSA-N,CHEMBL287,CCC(=O)N(CC1(CCOCC1)N1CCN(CC(C)(C)O)CC1)c1cccc(n1)C(F)(F)F,,False,False
AAFPITMZIGAOIF-UHFFFAOYSA-N,CHEMBL318,Cc1ccc(-c2cc(-c3ccc(Cl)cc3)nc(N)n2)o1,,False,True
AAFPODYYPFCUAK-UHFFFAOYSA-N,CHEMBL224,COc1ccccc1C1NCCc2c1[nH]c1ccc(Cl)cc21.Cl,,False,False
AAFSWZVIMJNAQQ-HBMMOJBUSA-N,CHEMBL5952,COc1cc2C[C@H](C)[C@](C)(O)[C@H](C(=O)Oc3ccccc3)c3cc(C)c(C)c(OC)c3-c2c(OC)c1OC,,False,False
AAFSWZVIMJNAQQ-UHFFFAOYSA-N,AAFSWZVIMJNAQQ-UHFFFAOYSA-N,,,False,False
AAFYWUUAMJEKMU-UHFFFAOYSA-N,CHEMBL4423,CC(C)c1ccccc1Nc1c(Nc2ccc(Cl)c(c2O)S(=O)(=O)N(C)C)c(=O)c1=O,,False,False
AAFZDYDDZPHGMB-UHFFFAOYSA-N,CHEMBL1963,CN(C)c1ccc(C(c2nnnn2C(C)(C)C)N2CCc3ccccc3C2)cc1,,False,True
AAFZPNLZARLGEA-UHFFFAOYSA-N,AAFZPNLZARLGEA-UHFFFAOYSA-N,CSc1ccc(NC(=O)N[C@@H](Cc2ccccc2)C(=O)N2CCCCC2)cc1,,False,False
AAFZVBOPDUKYEG-UHFFFAOYSA-N,AAFZVBOPDUKYEG-UHFFFAOYSA-N,Clc1ccc(CN2CCC(CC2)N3CCCC(CNC(=O)c4ccccc4Cl)C3)cc1Cl,,False,True
AAGFIORJXVOUBC-UHFFFAOYSA-N,CHEMBL1293226,CC(=O)Oc1ccc(-c2ccc(C(=O)Nc3cccc(S(=O)(=O)N4CCOCC4)c3)cc2)cc1,,False,True
AAGFKZWKWAMJNP-UHFFFAOYSA-N,CHEMBL256,O=C(Nc1nc2ncccc2n2c1nn(-c1ccccc1)c2=O)c1ccccc1,,False,True
AAGFRGDBHAOPPR-QHCPKHFHSA-N,AAGFRGDBHAOPPR-QHCPKHFHSA-N,Nc1nc(N[C@@H](Cc2ccccc2)C(=O)N2CCCN(Cc3ccccc3)CC2)nc2nc(nn12)-c1ccco1,,False,False
AAGFRGDBHAOPPR-UHFFFAOYSA-N,AAGFRGDBHAOPPR-UHFFFAOYSA-N,,,False,False
AAGGCGZIYMJGNC-UHFFFAOYSA-N,CHEMBL1293231,CCCNC(=O)COc1ccccc1[N+](=O)[O-],,False,True
AAGGRTPMBWISNV-UHFFFAOYSA-N,CHEMBL3759,CN1CCN(CC1)c1nc2ncc(Br)cc2n2cnnc12,,False,False
AAGIHBVMVXKWCJ-UHFFFAOYSA-N,CHEMBL4617,CCC1Cc2ccc([N+](=O)[O-])cc2CN1,,False,False
AAGKECVCOPVRLG-UHFFFAOYSA-N,CHEMBL3577,O=C(O)C1C2CCC(C2)C1C(=O)NCc1ccco1,,False,False
AAGKYNZNWOPSCC-GGYWPGCISA-N,AAGKYNZNWOPSCC-GGYWPGCISA-N,CNS(=O)(=O)c1cccc(OC[C@@H](O)CNC2COC3(C2)CCN(CC3)S(=O)(=O)c2ccc3OCC(=O)Nc3c2)c1,,False,False
AAGKYNZNWOPSCC-MOPGFXCFSA-N,AAGKYNZNWOPSCC-MOPGFXCFSA-N,CNS(=O)(=O)c1cccc(OC[C@@H](O)CN[C@H]2COC3(C2)CCN(CC3)S(=O)(=O)c2ccc3OCC(=O)Nc3c2)c1,,False,False
AAGKYNZNWOPSCC-OALUTQOASA-N,AAGKYNZNWOPSCC-OALUTQOASA-N,CNS(=O)(=O)c1cccc(OC[C@@H](O)CN[C@@H]2COC3(C2)CCN(CC3)S(=O)(=O)c2ccc3OCC(=O)Nc3c2)c1,,False,False
AAGKYNZNWOPSCC-UHFFFAOYSA-N,AAGKYNZNWOPSCC-UHFFFAOYSA-N,,,False,False
AAGKZYYLJCIWKQ-UHFFFAOYSA-N,AAGKZYYLJCIWKQ-UHFFFAOYSA-N,,,False,False
