InChIKey,UniProt_AC,L1_state,L2_state,L3_state,L4_state,chain_pattern,is_approved,gpcract_prediction_available
AAABHMIRDIOYOK-UHFFFAOYSA-N,P43220,,,,Inactive,No_active_layer,False,True
AAADJTFUPWEOSD-UHFFFAOYSA-N,P43220,,,,Active,L4_only,False,True
AAADMRIIAVPPNA-UHFFFAOYSA-N,P08912,,Active,,,L2_only,False,True
AAADPBLPXCELKR-UHFFFAOYSA-N,P20309,,Active,,,L2_only,False,True
AAAFCIOIVLBHKA-UHFFFAOYSA-N,P43220,,,,Active,L4_only,False,True
AAAGJCMYVIZUAW-VBAOBBRWSA-N,P20309,Active,,,,L1_only,False,True
AAAHKMSAPZHJEC-UHFFFAOYSA-N,P50406,,,,Active,L4_only,False,True
AAAIGLFCNVJIAZ-DOVGANMCSA-N,P41180,,Active,,,L2_only,False,True
AAALVBIWOWZUBR-UHFFFAOYSA-N,P43220,,,,Inactive,No_active_layer,False,True
AAALVYBICLMAMA-UHFFFAOYSA-N,Q6W5P4,,Inactive,,,No_active_layer,False,False
AAAMTKOLGCYPPA-UHFFFAOYSA-N,P43220,,,,Inactive,No_active_layer,False,True
AAANLCCSPMLHMI-UHFFFAOYSA-N,P29371,,Active,,,L2_only,False,False
AAAOTGDHZDZLFN-UHFFFAOYSA-N,P30968,Active,,,Active,L1+L4,False,True
AAAPQZDYNWUVQA-UHFFFAOYSA-N,P21554,Active,Active,,,L1+L2,False,True
AAAPQZDYNWUVQA-UHFFFAOYSA-N,P34972,Active,,,,L1_only,False,True
AAAQITMOTRAMTE-UHFFFAOYSA-N,Q9HBX9,,,,Inactive,No_active_layer,False,False
AAAQLZOAUALGQJ-UHFFFAOYSA-N,O95136,,Active,,,L2_only,False,True
AAASRNHSMGFXGC-UHFFFAOYSA-N,Q6W5P4,,Inactive,,,No_active_layer,False,False
AAAWRDCWFBVNLC-UHFFFAOYSA-N,P16473,,Active,,Active,L2+L4,False,True
AAAWRDCWFBVNLC-UHFFFAOYSA-N,P43220,,,,Active,L4_only,False,True
AAAXWRLNADMLIF-WKULSOCRSA-N,P35351,Active,,,,L1_only,False,False
AAAZRMGPBSWFDK-UHFFFAOYSA-N,P43220,,,,Inactive,No_active_layer,False,True
AABAPQXESPRCSA-UHFFFAOYSA-N,Q99705,Active,,,,L1_only,False,False
AABAXVYXHFJILS-UHFFFAOYSA-N,P43220,,,,Inactive,No_active_layer,False,True
AABDRJHZBVPFLI-KHPPLWFESA-N,P21554,Active,,,,L1_only,False,True
AABDRJHZBVPFLI-KHPPLWFESA-N,P34972,Active,,,,L1_only,False,True
AABHMQVNLULEDP-UHFFFAOYSA-N,P49019,,Active,,,L2_only,False,True
AABJMUMRLMCEIF-UHFFFAOYSA-N,P43220,,,,Inactive,No_active_layer,False,True
AABLJASYIDRGBU-GUTACTQSSA-M,P49682,Active,Active,,,L1+L2,False,True
AABPSESTZLBZAJ-UHFFFAOYSA-N,P49682,Active,,,,L1_only,False,True
AABQOSHDRSWHSN-UHFFFAOYSA-N,O95136,,,,Active,L4_only,False,True
AABQOSHDRSWHSN-UHFFFAOYSA-N,P08908,,,,Active,L4_only,False,True
AABQOSHDRSWHSN-UHFFFAOYSA-N,P28566,,,,Active,L4_only,False,True
AABQOSHDRSWHSN-UHFFFAOYSA-N,P46089,,,,,No_active_layer,False,True
AABQOSHDRSWHSN-UHFFFAOYSA-N,P46095,,,,Active,L4_only,False,False
AABQOSHDRSWHSN-UHFFFAOYSA-N,Q6W5P4,,Active,,,L2_only,False,False
AABQOSHDRSWHSN-UHFFFAOYSA-N,Q9H228,,,,Active,L4_only,False,True
AABXIVRNFNDUCI-UHFFFAOYSA-N,Q99705,,Active,,,L2_only,False,False
AABXLGHALFKKLB-UHFFFAOYSA-N,P43220,,,,Inactive,No_active_layer,False,True
AABYLPRACHMDSN-DDKMDXNESA-N,P16473,,Active,,Active,L2+L4,False,True
AABYLPRACHMDSN-PVLDIMPDSA-N,P43220,,,,Inactive,No_active_layer,False,True
AABZNODCCBJWSB-UHFFFAOYSA-N,P07550,,,,Active,L4_only,False,True
AABZNODCCBJWSB-UHFFFAOYSA-N,P08588,,,,Active,L4_only,False,True
AABZTMRZWJMBNH-UHFFFAOYSA-N,Q96RI0,,Active,,Active,L2+L4,False,False
AACAQPYJOQPZBF-UHFFFAOYSA-N,P0DMS8,Active,,,,L1_only,False,True
AACAQPYJOQPZBF-UHFFFAOYSA-N,P29275,,Active,,,L2_only,False,True
AACBLUDFPRDGJC-UHFFFAOYSA-N,P50406,Active,,,,L1_only,False,True
AACCKHROFFBPIY-KNQAVFIVSA-N,P13945,Active,Active,,,L1+L2,False,False
AACDCSBTWQKCLH-MCPWVCTESA-N,P0DMS8,Active,,,,L1_only,False,True
AACDCSBTWQKCLH-MCPWVCTESA-N,P28190,Active,,,,L1_only,False,False
AACDCSBTWQKCLH-MCPWVCTESA-N,P29274,Active,,,,L1_only,False,True
AACDCSBTWQKCLH-MCPWVCTESA-N,P30542,,Active,,,L2_only,False,True
AACGAMXGVRSOQK-GZTJUZNOSA-N,P43220,,,,Inactive,No_active_layer,False,True
AACGGNAFRLCLCY-FCGDIQPGSA-N,P25090,,Active,,,L2_only,False,True
AACJICLCLVMZKK-UHFFFAOYSA-N,P61169,Active,,,,L1_only,False,False
AACJRDQBZYMCIZ-UHFFFAOYSA-N,P26255,Active,,,,L1_only,False,False
AACMOCSSQXOERG-PZJWPPBQSA-N,Q13639,Active,,,,L1_only,False,True
AACMTVUEMCPCHE-UHFFFAOYSA-N,P43220,,,,Inactive,No_active_layer,False,True
AACMUARQDPOIFF-JXHOBYDLSA-N,O43613,,Active,,Active,L2+L4,False,False
AACMUARQDPOIFF-JXHOBYDLSA-N,O43614,,Active,,Active,L2+L4,False,False
AACNFBWTGDBFJF-UHFFFAOYSA-N,P16473,,Inactive,,Inactive,No_active_layer,False,True
AACNFBWTGDBFJF-UHFFFAOYSA-N,P43220,,,,Inactive,No_active_layer,False,True
AACRTFVHFCAWQM-UHFFFAOYSA-N,P43220,,,,Inactive,No_active_layer,False,True
AACTUBFOGVFADC-UHFFFAOYSA-N,P25100,Active,,,Active,L1+L4,False,False
AACTUBFOGVFADC-UHFFFAOYSA-N,P35348,Active,,,,L1_only,False,True
AACTUBFOGVFADC-UHFFFAOYSA-N,P35368,Active,,,,L1_only,False,False
AACTWTRZMXFZKN-CPNWZACFSA-N,P43220,,,,Active,L4_only,False,True
AACUKVXTFOXDGE-UHFFFAOYSA-N,P16473,,,,Inactive,No_active_layer,False,True
AACUKVXTFOXDGE-UHFFFAOYSA-N,P43220,,,,Inactive,No_active_layer,False,True
AACVFPBDJIZOLP-CCGNRUJASA-N,P37288,Active,,,,L1_only,False,False
AACWUFIIMOHGSO-UHFFFAOYSA-N,P29274,Active,,,,L1_only,False,True
AACWUFIIMOHGSO-UHFFFAOYSA-N,P30542,Active,,,,L1_only,False,True
AACZCKZTUMTPKO-UHFFFAOYSA-N,P32238,,,,Active,L4_only,False,True
AACZCKZTUMTPKO-UHFFFAOYSA-N,P32239,,,,Active,L4_only,False,True
AADBANJKFIORNE-UHFFFAOYSA-N,Q9H3N8,Active,,,,L1_only,False,True
AADBHVDMLFAXQC-HSZRJFAPSA-N,P25100,,,,Active,L4_only,False,False
AADBHVDMLFAXQC-HSZRJFAPSA-N,P35348,,,,Active,L4_only,False,True
AADBHVDMLFAXQC-HSZRJFAPSA-N,P35368,,,,Active,L4_only,False,False
AADBLBDNKSDEHY-UHFFFAOYSA-N,Q6RI86,,Active,,,L2_only,False,False
AADCDMQTJNYOSS-LBPRGKRZSA-N,P14416,Active,,,Active,L1+L4,False,True
AADCDMQTJNYOSS-LBPRGKRZSA-N,P21917,Active,,,,L1_only,False,True
AADCDMQTJNYOSS-LBPRGKRZSA-N,P35462,Active,,Active,Active,L1+L3+L4,False,True
AADCDMQTJNYOSS-LBPRGKRZSA-N,P61169,Active,,,,L1_only,False,False
AADCSVDRPUOIIJ-UYMBLXCVSA-N,P21453,,Active,,,L2_only,False,True
AADCSVDRPUOIIJ-UYMBLXCVSA-N,Q99500,,Active,,,L2_only,False,True
AADCXZXYAUHWRX-AFUMVMLFSA-N,P43220,,,,Active,L4_only,False,True
AADHGWGGROCAHV-UHFFFAOYSA-N,P43220,,,,Active,L4_only,False,True
AADHNFIRCRYOGZ-UHFFFAOYSA-N,O60755,,,,Inactive,No_active_layer,False,False
AADIDHFXTKJENY-UHFFFAOYSA-N,Q14833,,Active,,,L2_only,False,True
AADJXEUFMXQSPA-PLRPEPICSA-N,P43220,,,,Active,L4_only,False,True
AADKXTXSFHQPAZ-UHFFFAOYSA-N,P61073,Active,,,,L1_only,False,True
AADMBJQKWWIIBC-UHFFFAOYSA-N,P41180,,,,Active,L4_only,False,True
AADMHMQHAHPDLZ-LDLYASANSA-N,O00574,,Active,Active,,L2+L3,False,False
AADMKFJZHGZUOL-UHFFFAOYSA-N,P16473,,,,Inactive,No_active_layer,False,True
AADMYFPTDLOICR-UHFFFAOYSA-N,P23385,,Active,,,L2_only,False,False
AADMYFPTDLOICR-UHFFFAOYSA-N,P31421,,,,Active,L4_only,False,False
AADMYFPTDLOICR-UHFFFAOYSA-N,P31424,,,,Active,L4_only,False,False
AADORYZVGJDNSZ-UHFFFAOYSA-N,P43220,,,,Active,L4_only,False,True
AADPSPMQYLGCHH-UHFFFAOYSA-N,Q6W5P4,,Active,,,L2_only,False,False
AADREHBCWGMZDZ-UHFFFAOYSA-N,Q99705,Active,Active,,,L1+L2,False,False
AADSFGMHGXEQDC-UHFFFAOYSA-N,Q99705,,,,Active,L4_only,False,False
AADSIEWMSHPCSV-UHFFFAOYSA-N,P30551,Active,,,,L1_only,False,False
AADSJPKBOIGAAW-UHFFFAOYSA-N,P51449,,,,Active,L4_only,False,False
AADSRSCSJBIQMT-UHFFFAOYSA-N,P43220,,,,Inactive,No_active_layer,False,True
AADUQEJYBCZCAP-OUKQBFOZSA-N,P34995,,,,Active,L4_only,False,False
AADVZSXPNRLYLV-YYCJRWKUSA-N,P18825,Active,,,,L1_only,False,True
AADWBQLQKGQDIM-UHFFFAOYSA-N,P14416,Active,,,,L1_only,False,False
AADWBQLQKGQDIM-UHFFFAOYSA-N,P21917,Active,,,,L1_only,False,False
AADWBQLQKGQDIM-UHFFFAOYSA-N,P35462,Active,,,,L1_only,False,False
AADWHZPNHCHIAB-UHFFFAOYSA-N,P50406,,Active,,,L2_only,False,True
AADXJQSANSVKFN-UHFFFAOYSA-N,P30994,Active,,,,L1_only,False,False
AAEBOWDYLODFEZ-UHFFFAOYSA-N,P26255,,,,Active,L4_only,False,False
AAEBOWDYLODFEZ-UHFFFAOYSA-N,P54833,,,,Active,L4_only,False,False
AAEFMWCJMSJYIJ-UHFFFAOYSA-N,P10980,Active,,,,L1_only,False,False
AAEHNXBQLULMSR-XTEPFMGCSA-N,P51681,Active,,,,L1_only,False,True
AAEIJYARJYLTIS-UHFFFAOYSA-N,P35372,Active,,,,L1_only,False,True
AAEIJYARJYLTIS-UHFFFAOYSA-N,P41145,Active,,,,L1_only,False,True
AAEIJYARJYLTIS-UHFFFAOYSA-N,P41146,Active,,,,L1_only,False,True
AAEINTORHBRERB-UHFFFAOYSA-N,P43220,,,,Inactive,No_active_layer,False,True
AAELEHAFAYIZRH-KDURUIRLSA-N,P08908,Active,,,,L1_only,False,True
AAELEHAFAYIZRH-KDURUIRLSA-N,P14416,Active,,,,L1_only,False,True
AAELEHAFAYIZRH-KDURUIRLSA-N,P28223,Active,,,,L1_only,False,True
AAELEHAFAYIZRH-KDURUIRLSA-N,P35462,Active,,,,L1_only,False,True
AAELEHAFAYIZRH-UHFFFAOYSA-N,P14416,,Active,,,L2_only,False,True
AAELEHAFAYIZRH-UHFFFAOYSA-N,P28223,,Active,,,L2_only,False,True
AAELEHAFAYIZRH-UHFFFAOYSA-N,P35462,,Active,,,L2_only,False,True
AAELEHAFAYIZRH-WGSAOQKQSA-N,P08908,Active,Active,,,L1+L2,False,True
AAELEHAFAYIZRH-WGSAOQKQSA-N,P14416,Active,Active,,,L1+L2,False,True
AAELEHAFAYIZRH-WGSAOQKQSA-N,P28223,Active,Active,,,L1+L2,False,True
AAELEHAFAYIZRH-WGSAOQKQSA-N,P35462,Active,Active,,,L1+L2,False,True
AAELFMMXNFMCCW-BXKDBHETSA-N,P28223,Active,,,,L1_only,False,True
AAELFMMXNFMCCW-BXKDBHETSA-N,P28335,Active,,,Active,L1+L4,False,True
AAELFMMXNFMCCW-BXKDBHETSA-N,P41595,Active,,,,L1_only,False,True
AAEONWJUOVATKE-BBACVFHCSA-N,Q969F8,,Active,,,L2_only,False,False
AAEQYZNWJLCHTR-DHXKCHKJSA-N,P43220,,,,Active,L4_only,False,True
AAEUUDDQBCAIDK-UHFFFAOYSA-N,P43220,,,,Active,L4_only,False,True
AAEVPRISMKXZKU-LJQANCHMSA-N,P21453,Active,,,,L1_only,False,True
AAEVPRISMKXZKU-LJQANCHMSA-N,Q99500,Active,,,,L1_only,False,True
AAEVPRISMKXZKU-UHFFFAOYSA-N,O95136,Active,,,,L1_only,False,True
AAEVPRISMKXZKU-UHFFFAOYSA-N,O95977,Active,,,,L1_only,False,False
AAEVPRISMKXZKU-UHFFFAOYSA-N,P21453,Active,,,,L1_only,False,True
AAEVPRISMKXZKU-UHFFFAOYSA-N,Q99500,Active,,,,L1_only,False,True
AAEWPABKHHBJEI-FVUUGDKNSA-N,Q8TDV5,,Active,,,L2_only,False,True
AAEWZXWSKLYDSE-UHFFFAOYSA-N,P41180,,,,Active,L4_only,False,True
AAEXAWXHXYDQNR-UHFFFAOYSA-N,Q7TQP3,,Active,,,L2_only,False,False
AAEXAWXHXYDQNR-UHFFFAOYSA-N,Q8TDV5,,Active,,,L2_only,False,True
AAEXESBLHLXYCD-UHFFFAOYSA-N,P43220,,,,Inactive,No_active_layer,False,True
AAEXTICMMYDGTO-UHFFFAOYSA-N,P43220,,,,Inactive,No_active_layer,False,True
AAEYDFXKGIXSDP-UHFFFAOYSA-N,P11229,,Active,,,L2_only,False,True
AAEYTMMNWWKSKZ-UHFFFAOYSA-N,P29274,,,,Inactive,No_active_layer,False,True
AAEZVFLSEIKXJQ-UHFFFAOYSA-N,P43220,,,,Inactive,No_active_layer,False,True
AAFBBYLIBYKZEB-RPBOFIJWSA-N,Q01727,,,,Active,L4_only,False,False
AAFDICQMTWSBRE-JBMYIVNKSA-N,P16473,,,,Inactive,No_active_layer,False,True
AAFFNDJZZCYJIG-PBSZENBHSA-N,P43220,,,,Inactive,No_active_layer,False,True
AAFHRLBIEMJBDA-UHFFFAOYSA-N,P43220,,,,Active,L4_only,False,True
AAFIDRUCDKVRAX-UHFFFAOYSA-N,P51681,Active,,,,L1_only,False,True
AAFJMTJWSYZCLD-UHFFFAOYSA-N,P43220,,,,Inactive,No_active_layer,False,True
AAFJMTJWSYZCLD-UHFFFAOYSA-N,P46089,,,,Inactive,No_active_layer,False,True
AAFKOXZJMUODRO-WXVAWEFUSA-N,P35372,,Active,,,L2_only,False,True
AAFKOXZJMUODRO-WXVAWEFUSA-N,P41143,,Active,,,L2_only,False,True
AAFKOXZJMUODRO-WXVAWEFUSA-N,P41145,,Active,,,L2_only,False,True
AAFLALGGEYRGTR-UHFFFAOYSA-N,P21554,Active,,,,L1_only,False,True
AAFLALGGEYRGTR-UHFFFAOYSA-N,P34972,Active,,,,L1_only,False,True
AAFLCIOJXSTSDK-UHFFFAOYSA-M,P34995,Active,,,,L1_only,False,False
AAFLHUGZAQQWED-PLNGDYQASA-N,P28221,Active,,,,L1_only,False,True
AAFLHUGZAQQWED-PLNGDYQASA-N,P28222,,Active,,,L2_only,False,True
AAFLHUGZAQQWED-SNAWJCMRSA-N,P28221,Active,,,,L1_only,False,True
AAFLHUGZAQQWED-SNAWJCMRSA-N,P28222,,Active,,,L2_only,False,True
AAFNEINEQRQMTF-UHFFFAOYSA-N,P16473,,Active,,Active,L2+L4,False,True
AAFOVPUUTGEHOG-UHFFFAOYSA-N,P43220,,,,Active,L4_only,False,True
AAFPEBOTHTYVHR-UHFFFAOYSA-N,P43220,,,,Active,L4_only,False,True
AAFPITMZIGAOIF-UHFFFAOYSA-N,P29274,Active,,,,L1_only,False,True
AAFPITMZIGAOIF-UHFFFAOYSA-N,P30543,Active,,,,L1_only,False,False
AAFZDYDDZPHGMB-UHFFFAOYSA-N,P16473,,Inactive,,Inactive,No_active_layer,False,True
AAFZVBOPDUKYEG-UHFFFAOYSA-N,P51677,,,,,No_active_layer,False,False
AAGFIORJXVOUBC-UHFFFAOYSA-N,P43220,,,,Active,L4_only,False,True
AAGFKZWKWAMJNP-UHFFFAOYSA-N,P0DMS8,Active,,,Active,L1+L4,False,True
AAGFKZWKWAMJNP-UHFFFAOYSA-N,P29274,Active,,,,L1_only,False,True
AAGGCGZIYMJGNC-UHFFFAOYSA-N,P43220,,,,Active,L4_only,False,True
AAGKZYYLJCIWKQ-VMPREFPWSA-N,P35372,Active,Active,,,L1+L2,False,True
AAGKZYYLJCIWKQ-VMPREFPWSA-N,P41143,Active,Active,,,L1+L2,False,True
AAGKZYYLJCIWKQ-VMPREFPWSA-N,P41145,Active,Active,,,L1+L2,False,True
AAGRVCZPZVHAGG-UHFFFAOYSA-N,P43220,,,,Inactive,No_active_layer,False,True
AAGTZMYSPQTKRY-UHFFFAOYSA-N,Q13639,,Active,,,L2_only,False,True
AAGUMKOIXWDPIV-UHFFFAOYSA-N,P43220,,,,Active,L4_only,False,True
AAGVDDQADUWQFP-UHFFFAOYSA-N,P43220,,,,Inactive,No_active_layer,False,True
AAGXTXFBDCMMIQ-UHFFFAOYSA-N,P43220,,,,Inactive,No_active_layer,False,True
AAGYCSOFLAYZMI-UHFFFAOYSA-N,Q96RI0,,Active,,,L2_only,False,False
AAGZGAWWUCIKSD-UHFFFAOYSA-N,P32246,Active,,,,L1_only,False,False
AAGZRVOOYSMCNM-UHFFFAOYSA-N,P30874,Active,,,,L1_only,False,True
AAGZRVOOYSMCNM-UHFFFAOYSA-N,P35346,Active,,,,L1_only,False,True
AAHBQAFTBVEAOZ-UHFFFAOYSA-N,P43220,,,,Inactive,No_active_layer,False,True
AAHDCERIKHANLG-UHFFFAOYSA-N,O43613,Active,,,,L1_only,False,True
AAHDCERIKHANLG-UHFFFAOYSA-N,O43614,Active,,,,L1_only,False,True
AAHHTLQERBOQHF-UHFFFAOYSA-N,P16473,,Active,,Active,L2+L4,False,True
AAHIDVNBEWLYGA-UHFFFAOYSA-N,P43220,,,,Inactive,No_active_layer,False,True
AAHIIGUMEPHLHI-UHFFFAOYSA-N,P43220,,,,Active,L4_only,False,True
AAHNUVPXJPBMQI-NTUHNPAUSA-N,P07550,,,Active,,L3_only,False,True
AAHNUVPXJPBMQI-NTUHNPAUSA-N,P43220,,,,Active,L4_only,False,True
AAHNUVPXJPBMQI-NTUHNPAUSA-N,Q6W5P4,,Active,,,L2_only,False,False
