InChIKey,UniProt_AC,binding_prob,ant_prob,ago_prob,predicted_moa,confidence_raw,is_high_confidence,upgrades_to_L1L2L4,status,layer,tier,is_retained,removed_reason,ai_active,gene_name,gpcr_class_name,gpcr_family,evidenced_families
AAABHMIRDIOYOK-UHFFFAOYSA-N,P43220,1.0,1.0,0.0,antagonist,1.0,False,False,REMOVED_BY_FILTER,L2,REMOVED,False,modality_target_unanchored,False,GLP1R,Class B1 (Secretin),Glucagon receptor family,
AAADJTFUPWEOSD-UHFFFAOYSA-N,P43220,1.0,0.0,1.0,agonist,1.0,False,False,REMOVED_BY_FILTER,L2,REMOVED,False,modality_target_unanchored,False,GLP1R,Class B1 (Secretin),Glucagon receptor family,Glucagon receptor family
AAAFCIOIVLBHKA-UHFFFAOYSA-N,P43220,1.0,0.0,1.0,agonist,1.0,False,False,REMOVED_BY_FILTER,L2,REMOVED,False,modality_target_unanchored,False,GLP1R,Class B1 (Secretin),Glucagon receptor family,Glucagon receptor family
AAAHKMSAPZHJEC-UHFFFAOYSA-N,P50406,0.6685,0.0098,0.9902,agonist,0.6619,True,False,REAL_INFERENCE,L2,T1_anchored,True,,True,HTR6,Class A (Rhodopsin),5-Hydroxytryptamine receptors,5-Hydroxytryptamine receptors
AAALVBIWOWZUBR-UHFFFAOYSA-N,P43220,1.0,0.0036,0.9964,agonist,0.9964,False,False,REMOVED_BY_FILTER,L2,REMOVED,False,modality_target_unanchored,False,GLP1R,Class B1 (Secretin),Glucagon receptor family,
AAAMTKOLGCYPPA-UHFFFAOYSA-N,P43220,1.0,0.9997,0.0003,antagonist,0.9997,False,False,REMOVED_BY_FILTER,L2,REMOVED,False,modality_target_unanchored,False,GLP1R,Class B1 (Secretin),Glucagon receptor family,
AAAPQZDYNWUVQA-UHFFFAOYSA-N,P34972,0.9989,1.0,0.0,antagonist,0.9988,True,False,REAL_INFERENCE,L2,T1_anchored,True,,True,CNR2,Class A (Rhodopsin),Cannabinoid receptors,Cannabinoid receptors
AAAWRDCWFBVNLC-UHFFFAOYSA-N,P43220,1.0,0.0,1.0,agonist,1.0,False,False,REMOVED_BY_FILTER,L2,REMOVED,False,modality_target_unanchored,False,GLP1R,Class B1 (Secretin),Glucagon receptor family,Glucagon receptor family;Glycoprotein hormone receptors
AAAWRDCWFBVNLC-UHFFFAOYSA-N,Q03431,0.982,0.0,1.0,agonist,0.982,False,False,REMOVED_BY_FILTER,L2,REMOVED,False,modality_target_unanchored,False,PTH1R,Class B1 (Secretin),Parathyroid hormone receptors,Glucagon receptor family;Glycoprotein hormone receptors
AAAZRMGPBSWFDK-UHFFFAOYSA-N,P43220,1.0,0.0,1.0,agonist,1.0,False,False,REMOVED_BY_FILTER,L2,REMOVED,False,modality_target_unanchored,False,GLP1R,Class B1 (Secretin),Glucagon receptor family,
AAAZRMGPBSWFDK-UHFFFAOYSA-N,Q03431,1.0,0.0,1.0,agonist,1.0,False,False,REMOVED_BY_FILTER,L2,REMOVED,False,modality_target_unanchored,False,PTH1R,Class B1 (Secretin),Parathyroid hormone receptors,
AABAXVYXHFJILS-UHFFFAOYSA-N,P43220,1.0,0.0,1.0,agonist,1.0,False,False,REMOVED_BY_FILTER,L2,REMOVED,False,modality_target_unanchored,False,GLP1R,Class B1 (Secretin),Glucagon receptor family,
AABJMUMRLMCEIF-UHFFFAOYSA-N,P43220,1.0,0.7695,0.2305,antagonist,0.7695,False,False,REMOVED_BY_FILTER,L2,REMOVED,False,modality_target_unanchored,False,GLP1R,Class B1 (Secretin),Glucagon receptor family,
AABJMUMRLMCEIF-UHFFFAOYSA-N,Q03431,0.9996,0.0011,0.9989,agonist,0.9985,False,False,REMOVED_BY_FILTER,L2,REMOVED,False,modality_target_unanchored,False,PTH1R,Class B1 (Secretin),Parathyroid hormone receptors,
AABQOSHDRSWHSN-UHFFFAOYSA-N,O95136,0.9713,0.0019,0.9981,agonist,0.9695,True,False,REAL_INFERENCE,L2,T1_anchored,True,,True,S1PR2,Class A (Rhodopsin),Lysophospholipid (S1P) receptors,5-Hydroxytryptamine receptors;Class A orphans;Lysophospholipid (S1P) receptors;Neuropeptide S receptors
AABQOSHDRSWHSN-UHFFFAOYSA-N,P08908,0.9967,0.0016,0.9984,agonist,0.9951,True,False,REAL_INFERENCE,L2,T1_anchored,True,,True,HTR1A,Class A (Rhodopsin),5-Hydroxytryptamine receptors,5-Hydroxytryptamine receptors;Class A orphans;Lysophospholipid (S1P) receptors;Neuropeptide S receptors
AABQOSHDRSWHSN-UHFFFAOYSA-N,P21453,0.9999,0.0001,0.9999,agonist,0.9998,True,False,REAL_INFERENCE,L2,T2_within_family,True,,True,S1PR1,Class A (Rhodopsin),Lysophospholipid (S1P) receptors,5-Hydroxytryptamine receptors;Class A orphans;Lysophospholipid (S1P) receptors;Neuropeptide S receptors
AABQOSHDRSWHSN-UHFFFAOYSA-N,P28566,0.9995,0.2911,0.7089,agonist,0.7086,True,False,REAL_INFERENCE,L2,T1_anchored,True,,True,HTR1E,Class A (Rhodopsin),5-Hydroxytryptamine receptors,5-Hydroxytryptamine receptors;Class A orphans;Lysophospholipid (S1P) receptors;Neuropeptide S receptors
AABQOSHDRSWHSN-UHFFFAOYSA-N,Q99500,1.0,0.0,1.0,agonist,1.0,True,False,REAL_INFERENCE,L2,T2_within_family,True,,True,S1PR3,Class A (Rhodopsin),Lysophospholipid (S1P) receptors,5-Hydroxytryptamine receptors;Class A orphans;Lysophospholipid (S1P) receptors;Neuropeptide S receptors
AABQOSHDRSWHSN-UHFFFAOYSA-N,Q9H228,1.0,0.0,1.0,agonist,1.0,True,False,REAL_INFERENCE,L2,T1_anchored,True,,True,S1PR5,Class A (Rhodopsin),Lysophospholipid (S1P) receptors,5-Hydroxytryptamine receptors;Class A orphans;Lysophospholipid (S1P) receptors;Neuropeptide S receptors
AABXLGHALFKKLB-UHFFFAOYSA-N,P43220,1.0,0.974,0.026,antagonist,0.974,False,False,REMOVED_BY_FILTER,L2,REMOVED,False,modality_target_unanchored,False,GLP1R,Class B1 (Secretin),Glucagon receptor family,
AABYLPRACHMDSN-PVLDIMPDSA-N,P43220,1.0,0.0,1.0,agonist,1.0,False,False,REMOVED_BY_FILTER,L2,REMOVED,False,modality_target_unanchored,False,GLP1R,Class B1 (Secretin),Glucagon receptor family,
AABZNODCCBJWSB-UHFFFAOYSA-N,P07550,0.6675,0.9999,0.0001,antagonist,0.6674,True,False,REAL_INFERENCE,L2,T1_anchored,True,,True,ADRB2,Class A (Rhodopsin),Adrenoceptors,Adrenoceptors
AABZNODCCBJWSB-UHFFFAOYSA-N,P08588,0.6924,0.996,0.004,antagonist,0.6897,True,False,REAL_INFERENCE,L2,T1_anchored,True,,True,ADRB1,Class A (Rhodopsin),Adrenoceptors,Adrenoceptors
AACBLUDFPRDGJC-UHFFFAOYSA-N,P50406,0.5319,1.0,0.0,antagonist,0.5319,True,False,REAL_INFERENCE,L2,T1_anchored,True,,True,HTR6,Class A (Rhodopsin),5-Hydroxytryptamine receptors,5-Hydroxytryptamine receptors
AACCKHROFFBPIY-KNQAVFIVSA-N,P07550,0.7612,0.0198,0.9802,agonist,0.7461,True,False,REAL_INFERENCE,L2,T2_within_family,True,,True,ADRB2,Class A (Rhodopsin),Adrenoceptors,Adrenoceptors
AACCKHROFFBPIY-KNQAVFIVSA-N,P08588,0.9755,0.0,1.0,agonist,0.9755,True,False,REAL_INFERENCE,L2,T2_within_family,True,,True,ADRB1,Class A (Rhodopsin),Adrenoceptors,Adrenoceptors
AACDCSBTWQKCLH-MCPWVCTESA-N,P0DMS8,0.9358,0.7381,0.2619,antagonist,0.6907,True,False,REAL_INFERENCE,L2,T1_anchored,True,,True,ADORA3,Class A (Rhodopsin),Adenosine receptors,Adenosine receptors
AACDCSBTWQKCLH-MCPWVCTESA-N,P29274,0.9503,0.0,1.0,agonist,0.9503,True,False,REAL_INFERENCE,L2,T1_anchored,True,,True,ADORA2A,Class A (Rhodopsin),Adenosine receptors,Adenosine receptors
AACGAMXGVRSOQK-GZTJUZNOSA-N,P43220,1.0,0.0187,0.9813,agonist,0.9813,False,False,REMOVED_BY_FILTER,L2,REMOVED,False,modality_target_unanchored,False,GLP1R,Class B1 (Secretin),Glucagon receptor family,
AACGAMXGVRSOQK-GZTJUZNOSA-N,Q03431,1.0,1.0,0.0,antagonist,1.0,False,False,REMOVED_BY_FILTER,L2,REMOVED,False,modality_target_unanchored,False,PTH1R,Class B1 (Secretin),Parathyroid hormone receptors,
AACMTVUEMCPCHE-UHFFFAOYSA-N,P43220,1.0,0.0,1.0,agonist,1.0,False,False,REMOVED_BY_FILTER,L2,REMOVED,False,modality_target_unanchored,False,GLP1R,Class B1 (Secretin),Glucagon receptor family,
AACNFBWTGDBFJF-UHFFFAOYSA-N,P43220,1.0,0.0001,0.9999,agonist,0.9999,False,False,REMOVED_BY_FILTER,L2,REMOVED,False,modality_target_unanchored,False,GLP1R,Class B1 (Secretin),Glucagon receptor family,
AACRTFVHFCAWQM-UHFFFAOYSA-N,P43220,1.0,0.0215,0.9785,agonist,0.9785,False,False,REMOVED_BY_FILTER,L2,REMOVED,False,modality_target_unanchored,False,GLP1R,Class B1 (Secretin),Glucagon receptor family,
AACTWTRZMXFZKN-CPNWZACFSA-N,P43220,0.9997,0.9928,0.0072,antagonist,0.9925,False,False,REMOVED_BY_FILTER,L2,REMOVED,False,modality_target_unanchored,False,GLP1R,Class B1 (Secretin),Glucagon receptor family,Glucagon receptor family
AACUKVXTFOXDGE-UHFFFAOYSA-N,P16473,1.0,0.0,1.0,agonist,1.0,False,False,REMOVED_BY_FILTER,L2,REMOVED,False,modality_target_unanchored,False,TSHR,Class A (Rhodopsin),Glycoprotein hormone receptors,
AACUKVXTFOXDGE-UHFFFAOYSA-N,P43220,1.0,0.0,1.0,agonist,1.0,False,False,REMOVED_BY_FILTER,L2,REMOVED,False,modality_target_unanchored,False,GLP1R,Class B1 (Secretin),Glucagon receptor family,
AACZCKZTUMTPKO-UHFFFAOYSA-N,P32238,0.7738,0.0,1.0,agonist,0.7738,True,False,REAL_INFERENCE,L2,T1_anchored,True,,True,CCKAR,Class A (Rhodopsin),Cholecystokinin receptors,Cholecystokinin receptors
AADCXZXYAUHWRX-AFUMVMLFSA-N,P43220,1.0,1.0,0.0,antagonist,1.0,False,False,REMOVED_BY_FILTER,L2,REMOVED,False,modality_target_unanchored,False,GLP1R,Class B1 (Secretin),Glucagon receptor family,Glucagon receptor family
AADCXZXYAUHWRX-AFUMVMLFSA-N,Q03431,0.9985,1.0,0.0,antagonist,0.9985,False,False,REMOVED_BY_FILTER,L2,REMOVED,False,modality_target_unanchored,False,PTH1R,Class B1 (Secretin),Parathyroid hormone receptors,Glucagon receptor family
AADHGWGGROCAHV-UHFFFAOYSA-N,P43220,1.0,1.0,0.0,antagonist,1.0,False,False,REMOVED_BY_FILTER,L2,REMOVED,False,modality_target_unanchored,False,GLP1R,Class B1 (Secretin),Glucagon receptor family,Glucagon receptor family
AADHNFIRCRYOGZ-UHFFFAOYSA-N,Q03431,0.9999,0.0,1.0,agonist,0.9999,False,False,REMOVED_BY_FILTER,L2,REMOVED,False,modality_target_unanchored,False,PTH1R,Class B1 (Secretin),Parathyroid hormone receptors,
AADJXEUFMXQSPA-PLRPEPICSA-N,P43220,1.0,0.0,1.0,agonist,1.0,False,False,REMOVED_BY_FILTER,L2,REMOVED,False,modality_target_unanchored,False,GLP1R,Class B1 (Secretin),Glucagon receptor family,Glucagon receptor family
AADMBJQKWWIIBC-UHFFFAOYSA-N,P41180,0.9905,1.0,0.0,antagonist,0.9905,True,False,REAL_INFERENCE,L2,T1_anchored,True,,True,CASR,Class C (Glutamate),Calcium-sensing receptors,Calcium-sensing receptors
AADMKFJZHGZUOL-UHFFFAOYSA-N,P16473,1.0,0.0001,0.9999,agonist,0.9998,False,False,REMOVED_BY_FILTER,L2,REMOVED,False,modality_target_unanchored,False,TSHR,Class A (Rhodopsin),Glycoprotein hormone receptors,
AADORYZVGJDNSZ-UHFFFAOYSA-N,P43220,1.0,0.9982,0.0018,antagonist,0.9982,False,False,REMOVED_BY_FILTER,L2,REMOVED,False,modality_target_unanchored,False,GLP1R,Class B1 (Secretin),Glucagon receptor family,Glucagon receptor family
AADSRSCSJBIQMT-UHFFFAOYSA-N,P43220,1.0,1.0,0.0,antagonist,1.0,False,False,REMOVED_BY_FILTER,L2,REMOVED,False,modality_target_unanchored,False,GLP1R,Class B1 (Secretin),Glucagon receptor family,
AAEIJYARJYLTIS-UHFFFAOYSA-N,P35372,0.9607,0.9913,0.0087,antagonist,0.9524,True,False,REAL_INFERENCE,L2,T1_anchored,True,,True,OPRM1,Class A (Rhodopsin),Opioid receptors,Opioid receptors
AAEIJYARJYLTIS-UHFFFAOYSA-N,P41143,0.9561,0.9994,0.0006,antagonist,0.9555,True,False,REAL_INFERENCE,L2,T2_within_family,True,,True,OPRD1,Class A (Rhodopsin),Opioid receptors,Opioid receptors
AAEIJYARJYLTIS-UHFFFAOYSA-N,P41145,0.5041,1.0,0.0,antagonist,0.5041,True,False,REAL_INFERENCE,L2,T1_anchored,True,,True,OPRK1,Class A (Rhodopsin),Opioid receptors,Opioid receptors
AAEINTORHBRERB-UHFFFAOYSA-N,P43220,0.9999,0.9993,0.0007,antagonist,0.9993,False,False,REMOVED_BY_FILTER,L2,REMOVED,False,modality_target_unanchored,False,GLP1R,Class B1 (Secretin),Glucagon receptor family,
AAELEHAFAYIZRH-KDURUIRLSA-N,P08908,0.8241,0.1303,0.8697,agonist,0.7167,True,False,REAL_INFERENCE,L2,T1_anchored,True,,True,HTR1A,Class A (Rhodopsin),5-Hydroxytryptamine receptors,5-Hydroxytryptamine receptors;Dopamine receptors
AAELEHAFAYIZRH-UHFFFAOYSA-N,P08908,0.8347,0.1209,0.8791,agonist,0.7337,True,False,REAL_INFERENCE,L2,T2_within_family,True,,True,HTR1A,Class A (Rhodopsin),5-Hydroxytryptamine receptors,5-Hydroxytryptamine receptors;Dopamine receptors
AAELFMMXNFMCCW-BXKDBHETSA-N,P28223,0.9028,0.0,1.0,agonist,0.9028,True,True,REAL_INFERENCE,L2,T1_anchored,True,,True,HTR2A,Class A (Rhodopsin),5-Hydroxytryptamine receptors,5-Hydroxytryptamine receptors
AAELFMMXNFMCCW-BXKDBHETSA-N,P41595,0.9799,0.0,1.0,agonist,0.9799,True,True,REAL_INFERENCE,L2,T1_anchored,True,,True,HTR2B,Class A (Rhodopsin),5-Hydroxytryptamine receptors,5-Hydroxytryptamine receptors
AAEQYZNWJLCHTR-DHXKCHKJSA-N,P43220,1.0,0.9984,0.0016,antagonist,0.9984,False,False,REMOVED_BY_FILTER,L2,REMOVED,False,modality_target_unanchored,False,GLP1R,Class B1 (Secretin),Glucagon receptor family,Glucagon receptor family
AAEUUDDQBCAIDK-UHFFFAOYSA-N,P43220,0.9999,0.0014,0.9986,agonist,0.9985,False,False,REMOVED_BY_FILTER,L2,REMOVED,False,modality_target_unanchored,False,GLP1R,Class B1 (Secretin),Glucagon receptor family,Glucagon receptor family
AAEVPRISMKXZKU-LJQANCHMSA-N,P21453,0.5087,0.9999,0.0001,antagonist,0.5086,True,False,REAL_INFERENCE,L2,T1_anchored,True,,True,S1PR1,Class A (Rhodopsin),Lysophospholipid (S1P) receptors,Lysophospholipid (S1P) receptors
AAEVPRISMKXZKU-UHFFFAOYSA-N,O95136,0.8978,0.0,1.0,agonist,0.8978,True,False,REAL_INFERENCE,L2,T1_anchored,True,,True,S1PR2,Class A (Rhodopsin),Lysophospholipid (S1P) receptors,Lysophospholipid (S1P) receptors
AAEVPRISMKXZKU-UHFFFAOYSA-N,P21453,0.5123,0.9999,0.0001,antagonist,0.5122,True,False,REAL_INFERENCE,L2,T1_anchored,True,,True,S1PR1,Class A (Rhodopsin),Lysophospholipid (S1P) receptors,Lysophospholipid (S1P) receptors
AAEWZXWSKLYDSE-UHFFFAOYSA-N,P41180,0.7848,0.9999,0.0001,antagonist,0.7847,True,False,REAL_INFERENCE,L2,T1_anchored,True,,True,CASR,Class C (Glutamate),Calcium-sensing receptors,Calcium-sensing receptors
AAEXESBLHLXYCD-UHFFFAOYSA-N,P43220,1.0,1.0,0.0,antagonist,1.0,False,False,REMOVED_BY_FILTER,L2,REMOVED,False,modality_target_unanchored,False,GLP1R,Class B1 (Secretin),Glucagon receptor family,
AAEXTICMMYDGTO-UHFFFAOYSA-N,P43220,1.0,1.0,0.0,antagonist,1.0,False,False,REMOVED_BY_FILTER,L2,REMOVED,False,modality_target_unanchored,False,GLP1R,Class B1 (Secretin),Glucagon receptor family,
AAEZVFLSEIKXJQ-UHFFFAOYSA-N,P43220,1.0,1.0,0.0,antagonist,1.0,False,False,REMOVED_BY_FILTER,L2,REMOVED,False,modality_target_unanchored,False,GLP1R,Class B1 (Secretin),Glucagon receptor family,
AAFDICQMTWSBRE-JBMYIVNKSA-N,P16473,1.0,0.0,1.0,agonist,1.0,False,False,REMOVED_BY_FILTER,L2,REMOVED,False,modality_target_unanchored,False,TSHR,Class A (Rhodopsin),Glycoprotein hormone receptors,
AAFFNDJZZCYJIG-PBSZENBHSA-N,P43220,1.0,0.061,0.939,agonist,0.939,False,False,REMOVED_BY_FILTER,L2,REMOVED,False,modality_target_unanchored,False,GLP1R,Class B1 (Secretin),Glucagon receptor family,
AAFHRLBIEMJBDA-UHFFFAOYSA-N,P43220,0.9999,0.0,1.0,agonist,0.9999,False,False,REMOVED_BY_FILTER,L2,REMOVED,False,modality_target_unanchored,False,GLP1R,Class B1 (Secretin),Glucagon receptor family,Glucagon receptor family
AAFJMTJWSYZCLD-UHFFFAOYSA-N,P43220,1.0,0.0,1.0,agonist,1.0,False,False,REMOVED_BY_FILTER,L2,REMOVED,False,modality_target_unanchored,False,GLP1R,Class B1 (Secretin),Glucagon receptor family,
AAFJMTJWSYZCLD-UHFFFAOYSA-N,P46089,0.9919,0.0002,0.9998,agonist,0.9918,True,False,REAL_INFERENCE,L2,T2_focused_crossfam,True,,True,GPR3,Class A (Rhodopsin),Class A orphans,
AAFJMTJWSYZCLD-UHFFFAOYSA-N,Q99500,1.0,0.0,1.0,agonist,1.0,True,False,REAL_INFERENCE,L2,T2_focused_crossfam,True,,True,S1PR3,Class A (Rhodopsin),Lysophospholipid (S1P) receptors,
AAFLALGGEYRGTR-UHFFFAOYSA-N,P21554,0.9984,0.9999,0.0001,antagonist,0.9983,True,False,REAL_INFERENCE,L2,T1_anchored,True,,True,CNR1,Class A (Rhodopsin),Cannabinoid receptors,Cannabinoid receptors
AAFLALGGEYRGTR-UHFFFAOYSA-N,P34972,0.9888,0.0218,0.9782,agonist,0.9672,True,False,REAL_INFERENCE,L2,T1_anchored,True,,True,CNR2,Class A (Rhodopsin),Cannabinoid receptors,Cannabinoid receptors
AAFOVPUUTGEHOG-UHFFFAOYSA-N,P43220,1.0,1.0,0.0,antagonist,1.0,False,False,REMOVED_BY_FILTER,L2,REMOVED,False,modality_target_unanchored,False,GLP1R,Class B1 (Secretin),Glucagon receptor family,Glucagon receptor family
AAFPEBOTHTYVHR-UHFFFAOYSA-N,P43220,1.0,0.0004,0.9996,agonist,0.9996,False,False,REMOVED_BY_FILTER,L2,REMOVED,False,modality_target_unanchored,False,GLP1R,Class B1 (Secretin),Glucagon receptor family,Glucagon receptor family
AAFPEBOTHTYVHR-UHFFFAOYSA-N,Q03431,0.9996,1.0,0.0,antagonist,0.9996,False,False,REMOVED_BY_FILTER,L2,REMOVED,False,modality_target_unanchored,False,PTH1R,Class B1 (Secretin),Parathyroid hormone receptors,Glucagon receptor family
AAGFIORJXVOUBC-UHFFFAOYSA-N,P43220,1.0,0.153,0.847,agonist,0.847,False,False,REMOVED_BY_FILTER,L2,REMOVED,False,modality_target_unanchored,False,GLP1R,Class B1 (Secretin),Glucagon receptor family,Glucagon receptor family
AAGFIORJXVOUBC-UHFFFAOYSA-N,Q03431,0.9999,0.0034,0.9966,agonist,0.9965,False,False,REMOVED_BY_FILTER,L2,REMOVED,False,modality_target_unanchored,False,PTH1R,Class B1 (Secretin),Parathyroid hormone receptors,Glucagon receptor family
AAGGCGZIYMJGNC-UHFFFAOYSA-N,P43220,1.0,0.9801,0.0199,antagonist,0.9801,False,False,REMOVED_BY_FILTER,L2,REMOVED,False,modality_target_unanchored,False,GLP1R,Class B1 (Secretin),Glucagon receptor family,Glucagon receptor family
AAGRVCZPZVHAGG-UHFFFAOYSA-N,P43220,1.0,1.0,0.0,antagonist,1.0,False,False,REMOVED_BY_FILTER,L2,REMOVED,False,modality_target_unanchored,False,GLP1R,Class B1 (Secretin),Glucagon receptor family,
AAGUMKOIXWDPIV-UHFFFAOYSA-N,P43220,1.0,1.0,0.0,antagonist,1.0,False,False,REMOVED_BY_FILTER,L2,REMOVED,False,modality_target_unanchored,False,GLP1R,Class B1 (Secretin),Glucagon receptor family,Glucagon receptor family
AAGVDDQADUWQFP-UHFFFAOYSA-N,P43220,1.0,0.0034,0.9966,agonist,0.9966,False,False,REMOVED_BY_FILTER,L2,REMOVED,False,modality_target_unanchored,False,GLP1R,Class B1 (Secretin),Glucagon receptor family,
AAGXTXFBDCMMIQ-UHFFFAOYSA-N,P43220,1.0,0.6469,0.3531,antagonist,0.6469,False,False,REMOVED_BY_FILTER,L2,REMOVED,False,modality_target_unanchored,False,GLP1R,Class B1 (Secretin),Glucagon receptor family,
AAGZRVOOYSMCNM-UHFFFAOYSA-N,P30874,0.9892,1.0,0.0,antagonist,0.9892,True,False,REAL_INFERENCE,L2,T1_anchored,True,,True,SSTR2,Class A (Rhodopsin),Somatostatin receptors,Somatostatin receptors
AAGZRVOOYSMCNM-UHFFFAOYSA-N,P35346,0.9092,0.9995,0.0005,antagonist,0.9087,True,False,REAL_INFERENCE,L2,T1_anchored,True,,True,SSTR5,Class A (Rhodopsin),Somatostatin receptors,Somatostatin receptors
AAHBQAFTBVEAOZ-UHFFFAOYSA-N,P43220,1.0,0.4565,0.5435,agonist,0.5435,False,False,REMOVED_BY_FILTER,L2,REMOVED,False,modality_target_unanchored,False,GLP1R,Class B1 (Secretin),Glucagon receptor family,
AAHDCERIKHANLG-UHFFFAOYSA-N,O43613,0.9882,1.0,0.0,antagonist,0.9882,True,False,REAL_INFERENCE,L2,T1_anchored,True,,True,HCRTR1,Class A (Rhodopsin),Orexin receptors,Orexin receptors
AAHIDVNBEWLYGA-UHFFFAOYSA-N,P43220,1.0,0.9995,0.0005,antagonist,0.9995,False,False,REMOVED_BY_FILTER,L2,REMOVED,False,modality_target_unanchored,False,GLP1R,Class B1 (Secretin),Glucagon receptor family,
AAHIIGUMEPHLHI-UHFFFAOYSA-N,P43220,1.0,0.0,1.0,agonist,1.0,False,False,REMOVED_BY_FILTER,L2,REMOVED,False,modality_target_unanchored,False,GLP1R,Class B1 (Secretin),Glucagon receptor family,Glucagon receptor family
AAHNUVPXJPBMQI-NTUHNPAUSA-N,P07550,0.963,0.998,0.002,antagonist,0.9611,True,False,REAL_INFERENCE,L2,T1_anchored,True,,True,ADRB2,Class A (Rhodopsin),Adrenoceptors,Adrenoceptors;Glucagon receptor family;Neuropeptide S receptors
AAHNUVPXJPBMQI-NTUHNPAUSA-N,P43220,1.0,0.9986,0.0014,antagonist,0.9986,False,False,REMOVED_BY_FILTER,L2,REMOVED,False,modality_target_unanchored,False,GLP1R,Class B1 (Secretin),Glucagon receptor family,Adrenoceptors;Glucagon receptor family;Neuropeptide S receptors
AAHSGYHUKKOBQA-UHFFFAOYSA-N,P43220,1.0,0.0,1.0,agonist,1.0,False,False,REMOVED_BY_FILTER,L2,REMOVED,False,modality_target_unanchored,False,GLP1R,Class B1 (Secretin),Glucagon receptor family,Glucagon receptor family
AAHSZAHPYQUSSB-JQIJEIRASA-N,P16473,0.9987,0.0,1.0,agonist,0.9987,False,False,REMOVED_BY_FILTER,L2,REMOVED,False,modality_target_unanchored,False,TSHR,Class A (Rhodopsin),Glycoprotein hormone receptors,
AAHUMVOTCJGEFN-UHFFFAOYSA-N,P43220,1.0,0.0,1.0,agonist,1.0,False,False,REMOVED_BY_FILTER,L2,REMOVED,False,modality_target_unanchored,False,GLP1R,Class B1 (Secretin),Glucagon receptor family,
AAIBSXUAGRXSIQ-UHFFFAOYSA-N,P43220,1.0,0.0,1.0,agonist,1.0,False,False,REMOVED_BY_FILTER,L2,REMOVED,False,modality_target_unanchored,False,GLP1R,Class B1 (Secretin),Glucagon receptor family,
AAIFGBMIUDGWIE-PTNGSMBKSA-N,P43220,1.0,0.0034,0.9966,agonist,0.9966,False,False,REMOVED_BY_FILTER,L2,REMOVED,False,modality_target_unanchored,False,GLP1R,Class B1 (Secretin),Glucagon receptor family,
AAIFGBMIUDGWIE-PTNGSMBKSA-N,Q03431,0.9999,0.9806,0.0194,antagonist,0.9806,False,False,REMOVED_BY_FILTER,L2,REMOVED,False,modality_target_unanchored,False,PTH1R,Class B1 (Secretin),Parathyroid hormone receptors,
AAIFLSQNHRUBOD-SYKYGTKKSA-N,P41145,0.9316,0.0005,0.9995,agonist,0.9312,True,False,REAL_INFERENCE,L2,T1_anchored,True,,True,OPRK1,Class A (Rhodopsin),Opioid receptors,Opioid receptors
AAIIZTWLPBIJGA-CXUHLZMHSA-N,P43220,0.9999,0.9999,0.0001,antagonist,0.9998,False,False,REMOVED_BY_FILTER,L2,REMOVED,False,modality_target_unanchored,False,GLP1R,Class B1 (Secretin),Glucagon receptor family,Adrenoceptors;Glucagon receptor family
AAIIZTWLPBIJGA-UHFFFAOYSA-N,P43220,0.9999,0.9998,0.0002,antagonist,0.9996,False,False,REMOVED_BY_FILTER,L2,REMOVED,False,modality_target_unanchored,False,GLP1R,Class B1 (Secretin),Glucagon receptor family,
AAIOPLKMESRUOC-UHFFFAOYSA-N,P43220,1.0,0.0111,0.9889,agonist,0.9889,False,False,REMOVED_BY_FILTER,L2,REMOVED,False,modality_target_unanchored,False,GLP1R,Class B1 (Secretin),Glucagon receptor family,
AAISMSDTIOVVDP-IMIIHFCZSA-N,P0DMS8,0.6499,0.0001,0.9999,agonist,0.6499,True,False,REAL_INFERENCE,L2,T1_anchored,True,,True,ADORA3,Class A (Rhodopsin),Adenosine receptors,Adenosine receptors
AAISMSDTIOVVDP-IMIIHFCZSA-N,P29274,0.9866,0.0,1.0,agonist,0.9866,True,False,REAL_INFERENCE,L2,T1_anchored,True,,True,ADORA2A,Class A (Rhodopsin),Adenosine receptors,Adenosine receptors
AAISMSDTIOVVDP-IMIIHFCZSA-N,P30542,0.9679,0.0,1.0,agonist,0.9679,True,False,REAL_INFERENCE,L2,T1_anchored,True,,True,ADORA1,Class A (Rhodopsin),Adenosine receptors,Adenosine receptors
AAJBGBSJHNWVDG-CPNWZACFSA-N,P43220,0.9999,0.7533,0.2467,antagonist,0.7532,False,False,REMOVED_BY_FILTER,L2,REMOVED,False,modality_target_unanchored,False,GLP1R,Class B1 (Secretin),Glucagon receptor family,Glucagon receptor family
AAJCFYHVPWYKSN-MTJSOVHGSA-N,P43220,1.0,0.0,1.0,agonist,1.0,False,False,REMOVED_BY_FILTER,L2,REMOVED,False,modality_target_unanchored,False,GLP1R,Class B1 (Secretin),Glucagon receptor family,Glucagon receptor family
AAJGTVXRCUDTNQ-CIAFOILYSA-N,P43220,1.0,1.0,0.0,antagonist,1.0,False,False,REMOVED_BY_FILTER,L2,REMOVED,False,modality_target_unanchored,False,GLP1R,Class B1 (Secretin),Glucagon receptor family,
AAJJLMKTUZDHEC-UHFFFAOYSA-N,P43220,1.0,0.0,1.0,agonist,0.9999,False,False,REMOVED_BY_FILTER,L2,REMOVED,False,modality_target_unanchored,False,GLP1R,Class B1 (Secretin),Glucagon receptor family,Glucagon receptor family
AAJKQJBOESZBSI-UHFFFAOYSA-N,P43220,1.0,0.0,1.0,agonist,1.0,False,False,REMOVED_BY_FILTER,L2,REMOVED,False,modality_target_unanchored,False,GLP1R,Class B1 (Secretin),Glucagon receptor family,
AAJKQJBOESZBSI-UHFFFAOYSA-N,Q03431,0.9999,0.6546,0.3454,antagonist,0.6545,False,False,REMOVED_BY_FILTER,L2,REMOVED,False,modality_target_unanchored,False,PTH1R,Class B1 (Secretin),Parathyroid hormone receptors,
AAJPBGSVEDDJSI-UHFFFAOYSA-N,P43220,1.0,0.0,1.0,agonist,1.0,False,False,REMOVED_BY_FILTER,L2,REMOVED,False,modality_target_unanchored,False,GLP1R,Class B1 (Secretin),Glucagon receptor family,
AAJPKRBDZASFOT-UHFFFAOYSA-N,P43220,1.0,0.971,0.029,antagonist,0.971,False,False,REMOVED_BY_FILTER,L2,REMOVED,False,modality_target_unanchored,False,GLP1R,Class B1 (Secretin),Glucagon receptor family,
AAJRKQXIVVFHAD-UHFFFAOYSA-N,P43220,1.0,0.0,1.0,agonist,1.0,False,False,REMOVED_BY_FILTER,L2,REMOVED,False,modality_target_unanchored,False,GLP1R,Class B1 (Secretin),Glucagon receptor family,
AAJXZKMGUIMSEV-UHFFFAOYSA-N,P43220,1.0,0.0144,0.9856,agonist,0.9856,False,False,REMOVED_BY_FILTER,L2,REMOVED,False,modality_target_unanchored,False,GLP1R,Class B1 (Secretin),Glucagon receptor family,
AAJXZKMGUIMSEV-UHFFFAOYSA-N,Q03431,0.9685,0.011,0.989,agonist,0.9578,False,False,REMOVED_BY_FILTER,L2,REMOVED,False,modality_target_unanchored,False,PTH1R,Class B1 (Secretin),Parathyroid hormone receptors,
AAJYCHBLTARBTA-UHFFFAOYSA-N,P43220,1.0,0.0227,0.9773,agonist,0.9773,False,False,REMOVED_BY_FILTER,L2,REMOVED,False,modality_target_unanchored,False,GLP1R,Class B1 (Secretin),Glucagon receptor family,Glucagon receptor family
AAKGITIJYOFIBH-UHFFFAOYSA-N,P43220,1.0,0.0,1.0,agonist,1.0,False,False,REMOVED_BY_FILTER,L2,REMOVED,False,modality_target_unanchored,False,GLP1R,Class B1 (Secretin),Glucagon receptor family,Glucagon receptor family
AAKGITIJYOFIBH-UHFFFAOYSA-N,Q03431,1.0,0.0,1.0,agonist,1.0,False,False,REMOVED_BY_FILTER,L2,REMOVED,False,modality_target_unanchored,False,PTH1R,Class B1 (Secretin),Parathyroid hormone receptors,Glucagon receptor family
AAKQZDCEBUKFHD-UHFFFAOYSA-N,P43220,1.0,0.9605,0.0395,antagonist,0.9605,False,False,REMOVED_BY_FILTER,L2,REMOVED,False,modality_target_unanchored,False,GLP1R,Class B1 (Secretin),Glucagon receptor family,
AAKSJEDIWKZHQD-UHFFFAOYSA-N,P43220,0.9977,0.2702,0.7298,agonist,0.7281,False,False,REMOVED_BY_FILTER,L2,REMOVED,False,modality_target_unanchored,False,GLP1R,Class B1 (Secretin),Glucagon receptor family,
AAKSJEDIWKZHQD-UHFFFAOYSA-N,Q03431,0.7752,1.0,0.0,antagonist,0.7751,False,False,REMOVED_BY_FILTER,L2,REMOVED,False,modality_target_unanchored,False,PTH1R,Class B1 (Secretin),Parathyroid hormone receptors,
AAKWMGDOOVHENN-UHFFFAOYSA-N,P43220,0.9999,0.0,1.0,agonist,0.9999,False,False,REMOVED_BY_FILTER,L2,REMOVED,False,modality_target_unanchored,False,GLP1R,Class B1 (Secretin),Glucagon receptor family,Glucagon receptor family
AAKXZYTWHMGZAU-UHFFFAOYSA-N,P43220,1.0,0.1494,0.8506,agonist,0.8506,False,False,REMOVED_BY_FILTER,L2,REMOVED,False,modality_target_unanchored,False,GLP1R,Class B1 (Secretin),Glucagon receptor family,Glucagon receptor family
AAKYALYUIAIXEB-UHFFFAOYSA-N,P43220,1.0,1.0,0.0,antagonist,1.0,False,False,REMOVED_BY_FILTER,L2,REMOVED,False,modality_target_unanchored,False,GLP1R,Class B1 (Secretin),Glucagon receptor family,
AALGZBHFAARPGJ-UHFFFAOYSA-N,P43220,1.0,0.0,1.0,agonist,1.0,False,False,REMOVED_BY_FILTER,L2,REMOVED,False,modality_target_unanchored,False,GLP1R,Class B1 (Secretin),Glucagon receptor family,
AALIMZKVFUIMTO-UHFFFAOYSA-N,P43220,1.0,0.3135,0.6865,agonist,0.6865,False,False,REMOVED_BY_FILTER,L2,REMOVED,False,modality_target_unanchored,False,GLP1R,Class B1 (Secretin),Glucagon receptor family,Glucagon receptor family
AALMOIACVXSIMR-UHFFFAOYSA-N,P43220,1.0,1.0,0.0,antagonist,1.0,False,False,REMOVED_BY_FILTER,L2,REMOVED,False,modality_target_unanchored,False,GLP1R,Class B1 (Secretin),Glucagon receptor family,
AALOEZGCFHDEHM-UHFFFAOYSA-N,P43220,0.9998,0.0464,0.9536,agonist,0.9534,False,False,REMOVED_BY_FILTER,L2,REMOVED,False,modality_target_unanchored,False,GLP1R,Class B1 (Secretin),Glucagon receptor family,
AALPWUGBAOXTOC-UHFFFAOYSA-N,P07550,0.8335,0.9418,0.0582,antagonist,0.785,True,False,REAL_INFERENCE,L2,T2_focused_crossfam,True,,True,ADRB2,Class A (Rhodopsin),Adrenoceptors,
AALQRZYXRYPZSN-UHFFFAOYSA-N,P35372,0.9991,0.0452,0.9548,agonist,0.9539,True,False,REAL_INFERENCE,L2,T2_focused_crossfam,True,,True,OPRM1,Class A (Rhodopsin),Opioid receptors,
AALQRZYXRYPZSN-UHFFFAOYSA-N,P43220,1.0,0.0,1.0,agonist,1.0,False,False,REMOVED_BY_FILTER,L2,REMOVED,False,modality_target_unanchored,False,GLP1R,Class B1 (Secretin),Glucagon receptor family,
AALSXVYLEMDJDV-SDXDJHTJSA-N,P43220,1.0,0.0001,0.9999,agonist,0.9999,False,False,REMOVED_BY_FILTER,L2,REMOVED,False,modality_target_unanchored,False,GLP1R,Class B1 (Secretin),Glucagon receptor family,
AALUXFPYXVFRCR-UHFFFAOYSA-N,P43220,0.9998,0.9984,0.0016,antagonist,0.9982,False,False,REMOVED_BY_FILTER,L2,REMOVED,False,modality_target_unanchored,False,GLP1R,Class B1 (Secretin),Glucagon receptor family,
AAMADGJRGCNXBR-UHFFFAOYSA-N,P43220,1.0,0.0,1.0,agonist,1.0,False,False,REMOVED_BY_FILTER,L2,REMOVED,False,modality_target_unanchored,False,GLP1R,Class B1 (Secretin),Glucagon receptor family,
AAMANOMKILIQMT-UHFFFAOYSA-N,P43220,1.0,0.0,1.0,agonist,1.0,False,False,REMOVED_BY_FILTER,L2,REMOVED,False,modality_target_unanchored,False,GLP1R,Class B1 (Secretin),Glucagon receptor family,
AAMANOMKILIQMT-UHFFFAOYSA-N,Q03431,0.999,0.1053,0.8947,agonist,0.8939,False,False,REMOVED_BY_FILTER,L2,REMOVED,False,modality_target_unanchored,False,PTH1R,Class B1 (Secretin),Parathyroid hormone receptors,
AAMBFOICAXXPQH-ULJHMMPZSA-N,P43220,1.0,1.0,0.0,antagonist,1.0,False,False,REMOVED_BY_FILTER,L2,REMOVED,False,modality_target_unanchored,False,GLP1R,Class B1 (Secretin),Glucagon receptor family,
AAMBYTNNYPRBFK-UVTDQMKNSA-N,P43220,1.0,0.7476,0.2524,antagonist,0.7476,False,False,REMOVED_BY_FILTER,L2,REMOVED,False,modality_target_unanchored,False,GLP1R,Class B1 (Secretin),Glucagon receptor family,Glucagon receptor family
AAMDBHPARRHOIX-UHFFFAOYSA-N,P43220,1.0,0.0,1.0,agonist,1.0,False,False,REMOVED_BY_FILTER,L2,REMOVED,False,modality_target_unanchored,False,GLP1R,Class B1 (Secretin),Glucagon receptor family,
AAMFJRVOHLKXLD-UHFFFAOYSA-N,P43220,0.9976,1.0,0.0,antagonist,0.9976,False,False,REMOVED_BY_FILTER,L2,REMOVED,False,modality_target_unanchored,False,GLP1R,Class B1 (Secretin),Glucagon receptor family,Glucagon receptor family
AAMIRUAPNCAFAU-UHFFFAOYSA-N,P43220,1.0,0.0,1.0,agonist,1.0,False,False,REMOVED_BY_FILTER,L2,REMOVED,False,modality_target_unanchored,False,GLP1R,Class B1 (Secretin),Glucagon receptor family,
AAMJDOSCUCFMCE-UHFFFAOYSA-N,P34972,0.9615,0.9998,0.0002,antagonist,0.9613,True,False,REAL_INFERENCE,L2,T2_within_family,True,,True,CNR2,Class A (Rhodopsin),Cannabinoid receptors,Cannabinoid receptors
AAMKTOXFXJBWPT-UHFFFAOYSA-N,P46089,0.7554,0.0005,0.9995,agonist,0.755,True,False,REAL_INFERENCE,L2,T2_focused_crossfam,True,,True,GPR3,Class A (Rhodopsin),Class A orphans,
AAMKTOXFXJBWPT-UHFFFAOYSA-N,Q99500,1.0,0.0,1.0,agonist,1.0,True,False,REAL_INFERENCE,L2,T2_focused_crossfam,True,,True,S1PR3,Class A (Rhodopsin),Lysophospholipid (S1P) receptors,
AAMLNGFXXMFRGH-HYARGMPZSA-N,P43220,1.0,1.0,0.0,antagonist,1.0,False,False,REMOVED_BY_FILTER,L2,REMOVED,False,modality_target_unanchored,False,GLP1R,Class B1 (Secretin),Glucagon receptor family,Glucagon receptor family
AAMNASYCNXHMJG-UHFFFAOYSA-N,P29275,0.9923,1.0,0.0,antagonist,0.9923,True,False,REAL_INFERENCE,L2,T1_anchored,True,,True,ADORA2B,Class A (Rhodopsin),Adenosine receptors,Adenosine receptors
AAMOBSKLPUOLJX-UHFFFAOYSA-N,P43220,1.0,0.0,1.0,agonist,1.0,False,False,REMOVED_BY_FILTER,L2,REMOVED,False,modality_target_unanchored,False,GLP1R,Class B1 (Secretin),Glucagon receptor family,
AAMOKYZNSKIWIM-PBCQUBLHSA-N,P28223,1.0,0.0,1.0,agonist,1.0,True,False,REAL_INFERENCE,L2,T2_within_family,True,,True,HTR2A,Class A (Rhodopsin),5-Hydroxytryptamine receptors,5-Hydroxytryptamine receptors
AAMOKYZNSKIWIM-PBCQUBLHSA-N,P41595,1.0,0.0,1.0,agonist,1.0,True,False,REAL_INFERENCE,L2,T2_within_family,True,,True,HTR2B,Class A (Rhodopsin),5-Hydroxytryptamine receptors,5-Hydroxytryptamine receptors
AAMOMFNMMXXVGM-IZZDOVSWSA-N,P08908,0.6246,0.0003,0.9997,agonist,0.6245,True,False,REAL_INFERENCE,L2,T2_within_family,True,,True,HTR1A,Class A (Rhodopsin),5-Hydroxytryptamine receptors,5-Hydroxytryptamine receptors
AAMPIRQLXWIYCV-UHFFFAOYSA-N,P43220,1.0,0.8081,0.1919,antagonist,0.8081,False,False,REMOVED_BY_FILTER,L2,REMOVED,False,modality_target_unanchored,False,GLP1R,Class B1 (Secretin),Glucagon receptor family,Glucagon receptor family;Neuropeptide W/neuropeptide B receptors
AAMPIRQLXWIYCV-UHFFFAOYSA-N,Q03431,0.9958,0.9681,0.0319,antagonist,0.964,False,False,REMOVED_BY_FILTER,L2,REMOVED,False,modality_target_unanchored,False,PTH1R,Class B1 (Secretin),Parathyroid hormone receptors,Glucagon receptor family;Neuropeptide W/neuropeptide B receptors
AAMSNXJTQPSNDL-DHZHZOJOSA-N,P43220,1.0,1.0,0.0,antagonist,1.0,False,False,REMOVED_BY_FILTER,L2,REMOVED,False,modality_target_unanchored,False,GLP1R,Class B1 (Secretin),Glucagon receptor family,
AAMWVURKZMHDHP-UHFFFAOYSA-N,P43220,1.0,0.0631,0.9369,agonist,0.9369,False,False,REMOVED_BY_FILTER,L2,REMOVED,False,modality_target_unanchored,False,GLP1R,Class B1 (Secretin),Glucagon receptor family,
AAMZEKULWNUJPX-UHFFFAOYSA-N,P43220,1.0,0.0,1.0,agonist,1.0,False,False,REMOVED_BY_FILTER,L2,REMOVED,False,modality_target_unanchored,False,GLP1R,Class B1 (Secretin),Glucagon receptor family,Glucagon receptor family
AANFSPVRHYCMPL-UHFFFAOYSA-N,P29274,0.8357,0.001,0.999,agonist,0.8348,True,False,REAL_INFERENCE,L2,T2_within_family,True,,True,ADORA2A,Class A (Rhodopsin),Adenosine receptors,Adenosine receptors
AANFSPVRHYCMPL-UHFFFAOYSA-N,P30542,0.8431,0.004,0.996,agonist,0.8397,True,False,REAL_INFERENCE,L2,T1_anchored,True,,True,ADORA1,Class A (Rhodopsin),Adenosine receptors,Adenosine receptors
AANGWBRVHPYSBI-UHFFFAOYSA-N,P16473,1.0,0.0,1.0,agonist,1.0,False,False,REMOVED_BY_FILTER,L2,REMOVED,False,modality_target_unanchored,False,TSHR,Class A (Rhodopsin),Glycoprotein hormone receptors,Glycoprotein hormone receptors
AANHDAUXXNPJHE-KRWDZBQOSA-N,O43613,0.999,1.0,0.0,antagonist,0.999,True,False,REAL_INFERENCE,L2,T1_anchored,True,,True,HCRTR1,Class A (Rhodopsin),Orexin receptors,Orexin receptors
AANHDAUXXNPJHE-KRWDZBQOSA-N,O43614,0.9999,1.0,0.0,antagonist,0.9999,True,False,REAL_INFERENCE,L2,T1_anchored,True,,True,HCRTR2,Class A (Rhodopsin),Orexin receptors,Orexin receptors
AANNPRMIRTUEMY-UHFFFAOYSA-N,O43613,0.9992,1.0,0.0,antagonist,0.9992,True,False,REAL_INFERENCE,L2,T2_focused_crossfam,True,,True,HCRTR1,Class A (Rhodopsin),Orexin receptors,
AANNPRMIRTUEMY-UHFFFAOYSA-N,O43614,0.9998,1.0,0.0,antagonist,0.9998,True,False,REAL_INFERENCE,L2,T2_focused_crossfam,True,,True,HCRTR2,Class A (Rhodopsin),Orexin receptors,
AANRDBZIXJEKER-UHFFFAOYSA-N,P43220,1.0,1.0,0.0,antagonist,1.0,False,False,REMOVED_BY_FILTER,L2,REMOVED,False,modality_target_unanchored,False,GLP1R,Class B1 (Secretin),Glucagon receptor family,
AANUXMLLBCNNNU-UHFFFAOYSA-N,P43220,0.9999,1.0,0.0,antagonist,0.9999,False,False,REMOVED_BY_FILTER,L2,REMOVED,False,modality_target_unanchored,False,GLP1R,Class B1 (Secretin),Glucagon receptor family,
AANWVQVQZDEWDD-UHFFFAOYSA-N,P41597,0.8975,1.0,0.0,antagonist,0.8975,True,False,REAL_INFERENCE,L2,T1_anchored,True,,True,CCR2,Class A (Rhodopsin),Chemokine receptors,Chemokine receptors
AANZDOQGIADGLK-UHFFFAOYSA-N,P43220,1.0,1.0,0.0,antagonist,0.9999,False,False,REMOVED_BY_FILTER,L2,REMOVED,False,modality_target_unanchored,False,GLP1R,Class B1 (Secretin),Glucagon receptor family,
AAOASDWEYNETMY-UHFFFAOYSA-N,P43220,1.0,0.002,0.998,agonist,0.9979,False,False,REMOVED_BY_FILTER,L2,REMOVED,False,modality_target_unanchored,False,GLP1R,Class B1 (Secretin),Glucagon receptor family,
AAOBSPUWTDJXRC-LBPRGKRZSA-N,P08908,0.6154,0.0001,0.9999,agonist,0.6154,True,False,REAL_INFERENCE,L2,T2_focused_crossfam,True,,True,HTR1A,Class A (Rhodopsin),5-Hydroxytryptamine receptors,
AAOCWUJDPXXWHS-UHFFFAOYSA-N,P14416,0.9999,1.0,0.0,antagonist,0.9999,True,False,REAL_INFERENCE,L2,T1_anchored,True,,True,DRD2,Class A (Rhodopsin),Dopamine receptors,Dopamine receptors
AAOCWUJDPXXWHS-UHFFFAOYSA-N,P21728,0.9392,0.6693,0.3307,antagonist,0.6286,True,False,REAL_INFERENCE,L2,T2_within_family,True,,True,DRD1,Class A (Rhodopsin),Dopamine receptors,Dopamine receptors
AAODAXBGVQWVMB-UDWIEESQSA-N,P43220,1.0,0.4793,0.5207,agonist,0.5207,False,False,REMOVED_BY_FILTER,L2,REMOVED,False,modality_target_unanchored,False,GLP1R,Class B1 (Secretin),Glucagon receptor family,Glucagon receptor family;Neuropeptide S receptors
AAOGXTPEJATQRN-UHFFFAOYSA-N,P43220,1.0,1.0,0.0,antagonist,1.0,False,False,REMOVED_BY_FILTER,L2,REMOVED,False,modality_target_unanchored,False,GLP1R,Class B1 (Secretin),Glucagon receptor family,Glucagon receptor family
AAOGXTPEJATQRN-UHFFFAOYSA-N,Q03431,0.9998,1.0,0.0,antagonist,0.9998,False,False,REMOVED_BY_FILTER,L2,REMOVED,False,modality_target_unanchored,False,PTH1R,Class B1 (Secretin),Parathyroid hormone receptors,Glucagon receptor family
AAOIVEBXZWDLKP-PMACEKPBSA-N,O43613,0.9997,1.0,0.0,antagonist,0.9997,True,False,REAL_INFERENCE,L2,T1_anchored,True,,True,HCRTR1,Class A (Rhodopsin),Orexin receptors,Orexin receptors
AAOLKAAARKDUMQ-UHFFFAOYSA-N,P43220,1.0,0.0,1.0,agonist,1.0,False,False,REMOVED_BY_FILTER,L2,REMOVED,False,modality_target_unanchored,False,GLP1R,Class B1 (Secretin),Glucagon receptor family,Glucagon receptor family
AAONJNLMLWRZJE-UHFFFAOYSA-N,Q9Y5N1,0.7633,0.9346,0.0654,antagonist,0.7134,True,False,REAL_INFERENCE,L2,T2_focused_crossfam,True,,True,HRH3,Class A (Rhodopsin),Histamine receptors,Dopamine receptors
AAOPWIVNILDYEL-UHFFFAOYSA-N,P43220,1.0,0.9994,0.0006,antagonist,0.9994,False,False,REMOVED_BY_FILTER,L2,REMOVED,False,modality_target_unanchored,False,GLP1R,Class B1 (Secretin),Glucagon receptor family,Glucagon receptor family
AAOQXJXMHFUVEW-PSDCGHEKSA-N,P25103,0.8859,0.4147,0.5853,agonist,0.5186,True,False,REAL_INFERENCE,L2,T1_anchored,True,,True,TACR1,Class A (Rhodopsin),Tachykinin receptors,Tachykinin receptors
AAORAVQCHNIQIA-UHFFFAOYSA-N,P43220,0.9999,0.0002,0.9998,agonist,0.9997,False,False,REMOVED_BY_FILTER,L2,REMOVED,False,modality_target_unanchored,False,GLP1R,Class B1 (Secretin),Glucagon receptor family,
AAOSJNMHZUZHBB-UHFFFAOYSA-N,P43220,1.0,1.0,0.0,antagonist,1.0,False,False,REMOVED_BY_FILTER,L2,REMOVED,False,modality_target_unanchored,False,GLP1R,Class B1 (Secretin),Glucagon receptor family,Glucagon receptor family
AAOSJNMHZUZHBB-UHFFFAOYSA-N,Q03431,0.9999,0.9997,0.0003,antagonist,0.9996,False,False,REMOVED_BY_FILTER,L2,REMOVED,False,modality_target_unanchored,False,PTH1R,Class B1 (Secretin),Parathyroid hormone receptors,Glucagon receptor family
AAOUXFGDVFOFTO-UHFFFAOYSA-N,P43220,1.0,1.0,0.0,antagonist,1.0,False,False,REMOVED_BY_FILTER,L2,REMOVED,False,modality_target_unanchored,False,GLP1R,Class B1 (Secretin),Glucagon receptor family,
AAOVKJBEBIDNHE-UHFFFAOYSA-N,O43193,1.0,0.0378,0.9622,agonist,0.9622,False,False,REMOVED_BY_FILTER,L2,REMOVED,False,panfamily_hub_crossfam,False,MLNR,Class A (Rhodopsin),Motilin receptors,
AAOVKJBEBIDNHE-UHFFFAOYSA-N,P07550,1.0,0.5943,0.4057,antagonist,0.5943,False,False,REMOVED_BY_FILTER,L2,REMOVED,False,panfamily_hub_crossfam,False,ADRB2,Class A (Rhodopsin),Adrenoceptors,
AAOVKJBEBIDNHE-UHFFFAOYSA-N,P08172,0.9952,0.9999,0.0001,antagonist,0.9951,False,False,REMOVED_BY_FILTER,L2,REMOVED,False,panfamily_hub_crossfam,False,CHRM2,Class A (Rhodopsin),Acetylcholine receptors (muscarinic),
AAOVKJBEBIDNHE-UHFFFAOYSA-N,P08173,0.998,0.446,0.554,agonist,0.5529,False,False,REMOVED_BY_FILTER,L2,REMOVED,False,panfamily_hub_crossfam,False,CHRM4,Class A (Rhodopsin),Acetylcholine receptors (muscarinic),
AAOVKJBEBIDNHE-UHFFFAOYSA-N,P08588,1.0,0.0487,0.9513,agonist,0.9513,False,False,REMOVED_BY_FILTER,L2,REMOVED,False,panfamily_hub_crossfam,False,ADRB1,Class A (Rhodopsin),Adrenoceptors,
AAOVKJBEBIDNHE-UHFFFAOYSA-N,P08908,1.0,0.2917,0.7083,agonist,0.7083,False,False,REMOVED_BY_FILTER,L2,REMOVED,False,panfamily_hub_crossfam,False,HTR1A,Class A (Rhodopsin),5-Hydroxytryptamine receptors,
AAOVKJBEBIDNHE-UHFFFAOYSA-N,P08912,0.9999,0.9102,0.0898,antagonist,0.9101,False,False,REMOVED_BY_FILTER,L2,REMOVED,False,panfamily_hub_crossfam,False,CHRM5,Class A (Rhodopsin),Acetylcholine receptors (muscarinic),
AAOVKJBEBIDNHE-UHFFFAOYSA-N,P08913,0.9552,0.9999,0.0001,antagonist,0.9551,False,False,REMOVED_BY_FILTER,L2,REMOVED,False,panfamily_hub_crossfam,False,ADRA2A,Class A (Rhodopsin),Adrenoceptors,
AAOVKJBEBIDNHE-UHFFFAOYSA-N,P0DMS8,0.9625,0.9988,0.0012,antagonist,0.9614,False,False,REMOVED_BY_FILTER,L2,REMOVED,False,panfamily_hub_crossfam,False,ADORA3,Class A (Rhodopsin),Adenosine receptors,
AAOVKJBEBIDNHE-UHFFFAOYSA-N,P11229,0.9989,0.0018,0.9982,agonist,0.9971,False,False,REMOVED_BY_FILTER,L2,REMOVED,False,panfamily_hub_crossfam,False,CHRM1,Class A (Rhodopsin),Acetylcholine receptors (muscarinic),
AAOVKJBEBIDNHE-UHFFFAOYSA-N,P18089,0.9929,1.0,0.0,antagonist,0.9929,False,False,REMOVED_BY_FILTER,L2,REMOVED,False,panfamily_hub_crossfam,False,ADRA2B,Class A (Rhodopsin),Adrenoceptors,
AAOVKJBEBIDNHE-UHFFFAOYSA-N,P18825,0.9858,0.9999,0.0001,antagonist,0.9857,False,False,REMOVED_BY_FILTER,L2,REMOVED,False,panfamily_hub_crossfam,False,ADRA2C,Class A (Rhodopsin),Adrenoceptors,
AAOVKJBEBIDNHE-UHFFFAOYSA-N,P20309,0.9997,0.9964,0.0036,antagonist,0.9961,False,False,REMOVED_BY_FILTER,L2,REMOVED,False,panfamily_hub_crossfam,False,CHRM3,Class A (Rhodopsin),Acetylcholine receptors (muscarinic),
AAOVKJBEBIDNHE-UHFFFAOYSA-N,P21554,0.9999,0.3667,0.6333,agonist,0.6332,False,False,REMOVED_BY_FILTER,L2,REMOVED,False,panfamily_hub_crossfam,False,CNR1,Class A (Rhodopsin),Cannabinoid receptors,
AAOVKJBEBIDNHE-UHFFFAOYSA-N,P21728,0.9998,0.5103,0.4897,antagonist,0.5102,False,False,REMOVED_BY_FILTER,L2,REMOVED,False,panfamily_hub_crossfam,False,DRD1,Class A (Rhodopsin),Dopamine receptors,
AAOVKJBEBIDNHE-UHFFFAOYSA-N,P21731,0.9634,0.9998,0.0002,antagonist,0.9632,False,False,REMOVED_BY_FILTER,L2,REMOVED,False,panfamily_hub_crossfam,False,TBXA2R,Class A (Rhodopsin),Prostanoid receptors,
AAOVKJBEBIDNHE-UHFFFAOYSA-N,P24530,0.9975,0.5347,0.4653,antagonist,0.5334,False,False,REMOVED_BY_FILTER,L2,REMOVED,False,panfamily_hub_crossfam,False,EDNRB,Class A (Rhodopsin),Endothelin receptors,
AAOVKJBEBIDNHE-UHFFFAOYSA-N,P25021,0.9905,0.9993,0.0007,antagonist,0.9898,False,False,REMOVED_BY_FILTER,L2,REMOVED,False,panfamily_hub_crossfam,False,HRH2,Class A (Rhodopsin),Histamine receptors,
AAOVKJBEBIDNHE-UHFFFAOYSA-N,P25024,0.9659,0.9998,0.0002,antagonist,0.9657,False,False,REMOVED_BY_FILTER,L2,REMOVED,False,panfamily_hub_crossfam,False,CXCR1,Class A (Rhodopsin),Chemokine receptors,
